,anonID,success
0,XLKC1691,1
1,KANY6459,1
2,ULUZ5859,1
3,LDCQ7279,1
4,KIUB5860,1
15,ZXEQ4856,1
26,RCVS6461,1
37,EKUI9668,1
48,EFIB7967,1
59,VJSY4059,1
70,ASRN2253,1
81,HNSN4528,1
92,TKJM5749,1
103,IMZY1911,1
114,ZOWJ3204,1
115,MZRE4100,1
126,UXLY3736,1
137,PLMO6808,1
148,IGKQ3648,1
159,STPW2655,1
170,CMQB7404,1
181,BQZW9976,1
192,MRUQ5202,1
203,UUOG3474,1
214,OLEE1227,1
225,EDSA8944,1
226,FZEE8818,1
237,ZBYX8367,1
248,CLHW9800,1
259,LFDF3631,1
270,VGJT9672,1
281,DOQC8648,1
292,MOZN2425,1
303,NXJT4524,1
314,QGVP1343,1
325,QOYS9783,1
336,DATY5655,1
337,DJEU2567,1
348,FXAX5798,1
359,CGMV7019,1
370,VCPJ4301,1
381,WNDI4527,1
392,BYZW3940,1
403,RXAE9799,1
414,CLQM6072,1
425,INAT3386,1
436,LUBY2298,1
447,AJRD9143,1
448,NFOP8052,1
459,KBDW8157,1
470,WQSD7846,1
481,YURT9607,1
492,ZWMH6565,1
503,ETPQ8664,1
514,XPJQ2539,1
525,SHNF9274,1
536,HVTB4877,1
547,KVPW3242,1
558,MYTP3547,1
559,YYNC6677,1
570,GJCA1868,1
581,MWBK9022,1
592,LLBZ1402,1
603,HRWP7794,1
614,PYAN9466,1
625,MGSM7616,1
636,AOKO1227,1
647,FHBL8853,1
658,JYWE4457,1
669,ZGMS6777,1
670,FCXS3856,1
681,ONTR8858,1
692,DWDW9498,1
703,VOHS9189,1
714,HJJP2652,1
725,AWPR1649,1
736,GIOS4784,1
747,VSIK1891,1
758,LXCO7234,1
769,PZDY8918,1
780,VZQO7826,1
781,LFAZ5043,1
792,OAKY7783,1
803,OEQB9414,1
814,YLIY4682,1
825,VAEO7368,1
836,TOOH9443,1
847,CUTB4388,1
858,TYMB7041,1
869,GPWS5456,1
880,JCWX2293,1
891,QVWH5324,1
892,FFPF1076,1
903,FFHI6171,1
914,JSHS5612,1
925,BWLP7571,1
936,LMUZ6194,1
947,LNGK8067,1
958,DBMI7550,1
969,YHJL2137,1
980,AEKM2754,1
991,ERHR2390,1
1002,BZZC9301,1
1003,VASR3123,1
1014,QWVN5459,1
1025,IDXX1005,1
1036,VCNY9105,1
1047,KPWG4263,1
1058,JTVG1822,1
1069,QCSU9866,1
1080,HJBM8415,1
1091,VPWS2429,1
1102,HQUU7739,1
1113,TNXE1412,1
1114,DAEY4416,1
1115,PESG4401,1
1126,LCEE3729,1
1137,DOGY5045,1
1148,NWJZ7130,1
1159,IKCW9306,1
1170,NSIF8124,1
1181,APAW3343,1
1192,THUS5493,1
1203,QPLO9314,1
1214,EASK5899,1
1225,VTWH6135,1
1226,MDGG8548,1
1237,TNDU2692,1
1248,GAZV3616,1
1259,OYNI5167,1
1270,OWIT4906,1
1281,QVCT6517,1
1292,KWUY5908,1
1303,PAEO6288,1
1314,JXDO5554,1
1325,JWBL2176,1
1336,MCRC4897,1
1337,RZNC2117,1
1348,ROCS7577,1
1359,GQZW2090,1
1370,YKUQ9702,1
1381,FDWX6759,1
1392,LRRH7564,1
1403,LHMU4990,1
1414,CAEL2443,1
1425,GCNT4107,1
1436,ELWY2781,1
1447,MXGD9320,1
1448,GSUA6556,1
1459,LYHH6078,1
1470,COEQ9166,1
1481,HSAR7669,1
1492,HIUS1465,1
1503,ARDA7380,1
1514,JTFX4772,1
1525,DMRZ8593,1
1536,RWUP3103,1
1547,KEUL1300,1
1558,YFQF8473,1
1559,FHQK7252,1
1570,BFZU9730,1
1581,BSZD6537,1
1592,HKOW2912,1
1603,GYSX5056,1
1614,CGEN4758,1
1625,MZJU2545,1
1636,IOGW8883,1
1647,YSPH9921,1
1658,NKYL3188,1
1669,OHMG2283,1
1670,YQVU5579,1
1681,LERU6166,1
1692,ILCF1702,0
1703,YLIO3669,1
1714,FXTI1234,1
1725,ZWYK6799,1
1736,QZDL6137,1
1747,ZVXQ1931,1
1758,ENRQ3434,1
1769,MHSC1861,1
1780,XKVN1558,1
1781,GOGE2817,1
1792,GVFN1324,1
1803,CEHS8036,1
1814,ENFJ5209,1
1825,GXGX4101,1
1836,BAVS5999,1
1847,RLPO4283,1
1858,POCM8785,1
1869,CNTI4171,1
1880,GLOC2509,1
1891,QODJ7021,1
1892,FPAZ1860,1
1903,ZKGS8085,1
1914,WIZX1733,1
1925,MJZJ5155,1
1936,DAEN1749,0
1947,GMVP9090,1
1958,DAZZ7790,1
1969,VGKH3905,1
1980,UJDD3730,1
1991,SEWX8926,1
2002,CTHR9127,1
2003,SYGO5595,1
2014,DSMQ2145,1
2025,WXIK7553,1
2036,QYBE8425,1
2047,KVAI5672,1
2058,MXVP8873,1
2069,LJTO8386,1
2080,AIPA1764,1
2091,FESG2193,1
2102,CCFQ6676,1
2113,XDHP1506,1
2114,TRJJ8418,1
2125,VCNN8130,1
2136,UZHP1893,1
2147,ZYBX9357,1
2158,CRPK3290,1
2169,UYXD9217,1
2180,TFSJ7663,1
2191,UASM1557,1
2202,BUOR5180,1
2213,KKUH8792,1
2224,APSA3796,1
2225,UAWJ4362,1
2226,ZKJZ9868,1
2237,VLFZ8291,1
2248,HZWA1958,1
2259,QYRQ4346,1
2270,HWMC6299,1
2281,NIXQ8681,1
2292,DZAR2765,1
2303,SLEN9110,1
2314,CBYF3152,1
2325,ZKRY1161,1
2336,TOIA4532,1
2337,TJVO4190,1
2348,FCJU8217,1
2359,LTVG6022,1
2370,TAGT4225,1
2381,IQVW5662,1
2392,DEGQ8619,1
2403,TEWY5873,1
2414,NQCQ4311,1
2425,XPZP3094,1
2436,ZBCJ1274,1
2447,SZIK4879,1
2448,MYWE3040,1
2459,FWYM7356,1
2470,PIQN8948,1
2481,EIJK3459,1
2492,RETN2745,1
2503,WTHL7216,1
2514,BQMU8048,1
2525,MYGW6528,1
2536,MOOC4201,1
2547,VZZS5557,1
2558,VPUZ2481,1
2559,KEMU2383,1
2570,MQVV6712,1
2581,VECQ5102,1
2592,RLHJ2739,1
2603,RTHP1077,1
2614,LOPX9857,1
2625,AUQE6486,1
2636,UHFA9370,1
2647,UIGE6039,1
2658,CZKL6664,1
2669,JCYB9727,1
2670,ILLE3176,1
2681,VXQG1494,1
2692,LVLP3071,1
2703,SGVJ6287,1
2714,BVRC9688,1
2725,EZUQ2236,1
2736,VBXJ7189,1
2747,ZXIU4492,1
2758,DPQG9195,1
2769,WPER7713,1
2780,CQJX9546,1
2781,DYIQ3891,1
2792,YRFN5565,1
2803,NPCK1755,1
2814,PAOY1188,1
2825,ITBO9262,1
2836,HVMT4478,1
2847,ZHKI6086,1
2858,LSFQ9086,1
2869,IWCD1719,1
2880,AHVX3208,1
2891,FSAC8229,1
2892,ZMDG5566,1
2903,CDYU6143,1
2914,HLJK3365,1
2925,FQPC2441,1
2936,XBPP5198,1
2947,GENP4436,1
2958,JBKY7104,1
2969,XJUV3154,1
2980,TDUE6590,1
2991,RSKA8426,1
3002,XOXE8002,1
3003,SDNZ2350,1
3014,WFOJ5277,1
3025,CRUS4257,1
3036,UXTL6920,1
3047,OVNC4660,1
3058,RYDY2183,1
3069,RNER1339,1
3080,TXEP7746,1
3091,DCLW1810,1
3102,ALES4801,1
3113,NRZW3687,1
3114,WHRV9495,1
3125,GHIL9615,1
3136,IYXJ5269,1
3147,HSTL9902,1
3158,WSCO1263,1
3169,GDGK4037,1
3180,LQVK3411,1
3191,OVHN7507,1
3202,PEMD9324,1
3213,UOJM2048,1
3224,CCUO3210,1
3225,WOLB3292,1
3236,BZUO7294,1
3247,UQSR7557,1
3258,SEGU3127,1
3269,JNZJ5220,1
3280,HQPJ1149,1
3291,YDEP8853,1
3302,WOCY1767,1
3313,RTEZ3184,1
3324,CUNK7272,1
3335,FGAG9199,1
3336,GJXG8399,1
3337,NXLM6306,1
3348,DKJK4125,1
3359,LGBR1122,1
3370,IUPB4184,1
3381,HIMY6380,1
3392,ZFSG1972,1
3403,YWND6878,1
3414,RETV3552,1
3425,VCWS8890,1
3436,EUXE1891,1
3447,BSTN9718,1
3448,RERV9409,1
3459,NBRL8758,1
3470,MEYE7127,1
3481,FELZ3227,1
3492,SGMO6199,1
3503,DTUQ1574,1
3514,TUPX9363,1
3525,OXTT8209,1
3536,DHDU5069,1
3547,QYXT4420,1
3558,ZPJK5073,1
3559,ODNI1315,1
3570,XZNQ3085,1
3581,AWLA4936,1
3592,PTTP4087,1
3603,YOBU5487,1
3614,BFNJ4450,1
3625,ZPBT2435,1
3636,OTZW3307,1
3647,BYFA9232,1
3658,ATOZ8539,1
3669,LTMY7068,1
3670,YBFB3412,1
3681,LMBC3618,1
3692,VOER8414,1
3703,UGJT1943,1
3714,PEGH1626,1
3725,GBXS8422,1
3736,IWAV2611,1
3747,ORGC6369,1
3758,BHAL6658,1
3769,XDCN8880,1
3780,NHRA4857,1
3781,WCTD3863,1
3792,SOUO8231,1
3803,LSXF5645,1
3814,KXNI7673,1
3825,PKMN1305,1
3836,OMSF9684,1
3847,GNZP6862,1
3858,ZNTE5789,1
3869,GJMW4847,1
3880,KLKE4392,1
3891,RKJS3691,1
3892,RURY3386,1
3903,ZUIC5232,1
3914,BQPA6902,1
3925,VZBG6036,1
3936,VNCV3705,1
3947,TXGY9235,1
3958,CWLP7116,1
3969,HLWA8322,1
3980,LMYH7888,1
3991,CZJJ2452,1
4002,GPWJ8823,1
4003,OBJK4450,1
4014,ZZLF8363,1
4025,ZJMZ9491,1
4036,YFKV8340,1
4047,TPNZ9403,1
4058,GKBB2224,1
4069,PKFJ5823,1
4080,PXMA2663,1
4091,WTXG2601,1
4102,IPGW8327,1
4113,EQKH3068,1
4114,BJQP8874,1
4125,SUND3353,1
4136,ILZW4264,1
4147,JYUB8585,1
4158,FHLM3751,1
4169,VSSR9956,1
4180,PNXV2272,1
4191,WOAQ2722,1
4202,JRQX4224,1
4213,TCNN9789,1
4224,UQOF7860,1
4225,UNMG2089,1
4236,ILQM6797,1
4247,EZAJ5919,1
4258,KZZB8789,1
4269,OHCF8644,1
4280,IZEX6319,1
4291,OGMZ8678,1
4302,NLYD6081,1
4313,FBII7692,1
4324,HFSH5477,1
4335,FQTP1426,1
4336,HVCZ3864,1
4347,MOQS8792,1
4358,BCEY2142,1
4369,FXTL2649,1
4380,OEEM6718,1
4391,QSOP7773,1
4402,ZTLA3801,1
4413,JMTU7487,1
4424,RPUU6965,1
4435,RCPQ4885,1
4446,IFVZ1756,1
4447,UMVJ6534,1
4448,MGPY6410,1
4459,WERB9559,1
4470,BNCP3210,1
4481,OQHJ5012,1
4492,HCKB7902,1
4503,GHBK8721,1
4514,URMK9143,1
4525,PIVC6062,1
4536,HMZJ5593,1
4547,CVNL6615,1
4558,XNIT2759,1
4559,RUHP8942,1
4570,JPBC9353,1
4581,YOJH5871,1
4592,JSKQ5578,1
4603,TVDY3300,1
4614,WIJQ6779,1
4625,VWXG9219,1
4636,UWGS3343,1
4647,VMVA3427,1
4658,VVTT3930,1
4669,RDTI9990,1
4670,VILY6147,1
4681,GKZK2499,1
4692,CUQC1626,1
4703,VEJJ4557,1
4714,TYTD9227,1
4725,QCYE2470,1
4736,UFVW5282,1
4747,GESP1055,1
4758,MXQZ4104,1
4769,DWWK7865,1
4780,TKMC9039,1
4781,GOYU6004,1
4792,VWUD9917,1
4803,CAFC4381,1
4814,CBPZ1160,1
4825,WDBS6308,1
4836,JNTE4672,1
4847,FAHG8444,1
4858,MELR1198,1
4869,PGZR9682,1
4880,AKCT3321,1
4891,SEMH8265,1
4892,GDTN5028,1
4903,MHCO8877,1
4914,HXJB4353,1
4925,BGUZ6776,1
4936,NGYC7896,1
4947,ZDQK3476,1
4958,SYBQ9475,1
4969,CCUW2976,1
4980,SQUZ1003,0
4991,TPIY8019,1
5002,PBIY3867,1
5003,TRNL5839,1
5014,EOSD8714,1
5025,BDVU6535,1
5036,COAU5361,1
5047,HTAI1460,1
5058,ZVBS4719,1
5069,NDCF8884,1
5080,NIJR7813,1
5091,QQSW5560,1
5102,QBLL6588,1
5113,PLCK5278,1
5114,ZJDE6318,1
5125,FJIZ7831,1
5136,TVMG6590,1
5147,HXSP7619,1
5158,AQFK4439,1
5169,NGJU3649,1
5180,KXMQ7519,1
5191,EPGR9759,1
5202,DRJX1977,1
5213,OMKH6257,1
5224,JTCF8420,1
5225,SIBG4143,1
5236,PTMY4488,1
5247,XBJW1936,1
5258,UCMZ5131,1
5269,NEXJ6864,1
5280,OMLN3768,1
5291,JORO2268,1
5302,JWZW6178,1
5313,QCDP6941,1
5324,EHCX6597,1
5335,QVFL3958,1
5336,NDZP1242,1
5347,DSYJ6686,1
5358,YZLX3919,1
5369,PDBN3204,1
5380,FFZC1555,1
5391,FIXO9203,1
5402,APAZ4284,1
5413,SCTO2554,1
5424,WRPC1832,1
5435,HOAN6421,1
5446,LADD1703,1
5447,TRAQ4801,1
5458,BKJU6036,1
5469,XDKZ8377,1
5480,LQFB5502,1
5491,AOTS3354,1
5502,ADXL4608,1
5513,GLPZ7270,1
5524,MNTM2183,1
5535,LDAB4481,1
5546,YVBV2032,1
5557,IEOZ3550,1
5558,KUGN1061,1
5559,XMCW9550,1
5570,VLEM2990,1
5581,MDOS6503,1
5592,SQCN8301,1
5603,GPZX2449,1
5614,THOW1162,1
5625,OTWK6235,1
5636,GUKQ2640,1
5647,WOQH9116,1
5658,XFLP8010,1
5669,PSLG8447,1
5670,DBCM9730,1
5681,RPKD3119,1
5692,OIZY5269,1
5703,VULT3456,1
5714,BSGZ6717,1
5725,KXFC5886,1
5736,CQFK1671,1
5747,ABHQ1678,1
5758,JRRY4739,1
5769,PSTU8920,1
5780,QWWH1165,1
5781,DEQE7385,1
5792,JRYG7745,1
5803,KMGB7577,1
5814,YSTW6024,1
5825,EFBG3818,1
5836,CDDP4266,1
5847,JDDK2666,1
5858,QEGI1051,1
5869,NPMO8924,1
5880,WCED7246,1
5891,WTZS5097,1
5892,ZVIH9392,1
5903,NLGL7992,1
5914,HKET7325,1
5925,APYA9735,1
5936,VEZL8633,1
5947,PVLW1455,1
5958,YNKH6526,1
5969,ZORT1574,1
5980,YDMA7985,1
5991,TSLZ5843,1
6002,AXEN9592,1
6003,DLQG1474,1
6014,DDYW4936,1
6025,UHCV2561,1
6036,QBPM1363,1
6047,AEQR8371,1
6058,BULI5153,1
6069,IIDQ7358,1
6080,GCWZ9737,1
6091,XCDL7881,1
6102,QNVB3051,1
6113,SIZN7286,1
6114,ZRNJ1887,1
6125,VFFQ5365,1
6136,JYBT7700,1
6147,KEYG8635,1
6158,HLVP8983,1
6169,JDMF4101,1
6180,OVIH1082,1
6191,CJRN9052,1
6202,EGXR8686,1
6213,XPID3996,1
6224,YJZV9658,1
6225,LDRP2802,1
6236,VVGS9954,1
6247,GUIJ8649,1
6258,MUWD7870,1
6269,HMDC3234,1
6280,WKBV3583,1
6291,VWBY3942,1
6302,WOIB8280,1
6313,AJZH5358,1
6324,NADB4613,1
6335,JMBP9182,1
6336,CDBT2338,1
6347,NKDO9289,1
6358,YRCN8047,1
6369,RGZC2125,1
6380,QQUP5579,1
6391,GVHW3960,1
6402,CEBL3380,1
6413,OPFR2865,1
6424,NAGD5785,1
6435,KEQM4764,1
6446,NZZJ8728,1
6447,SVGV9330,1
6458,SUOL4829,1
6469,XHSE4220,1
6480,LFIW9598,1
6491,ZNOM4396,1
6502,PKRO7734,1
6513,SMCM2313,1
6524,XHWJ4848,1
6535,BSVZ5238,1
6546,ZKUT9289,1
6557,KIQI9588,1
6558,WCRU2463,1
6569,HBPW6564,1
6580,SQOT4310,1
6591,FKHC1955,1
6602,UTJF8144,1
6613,RMRQ5391,1
6624,AHWG7930,1
6635,FPRB6614,1
6646,RDZY1525,1
6657,VVFH5785,1
6668,KQOE4421,1
6669,CBIP1695,1
6670,DFPX7017,1
6681,HDCI4413,1
6692,HWTS2067,1
6703,FSWQ6768,1
6714,EBRL3442,1
6725,XQNM9147,1
6736,IMOV5154,1
6747,ZJFI6808,1
6758,QBRI5112,1
6769,GVBL8252,1
6780,VUDD3768,0
6781,KPJO6631,1
6792,THYE1338,1
6803,LCZX7836,1
6814,NEIQ2680,1
6825,JPAP8693,1
6836,EOYI7754,1
6847,PYFZ1940,1
6858,NJET6605,1
6869,KTXZ2904,1
6880,ASQE6243,1
6891,YWZC1018,1
6892,WSKT2971,1
6903,OWQC6825,1
6914,OJDE4091,1
6925,ORRT7185,1
6936,USGT8396,1
6947,EPLF8261,1
6958,WPZZ9929,1
6969,QFUD2102,1
6980,UJBL4579,1
6991,WYZT4980,1
7002,SMNR6161,1
7003,GXRY9933,1
7014,DWJY8422,1
7025,WOLZ9056,1
7036,NAZS1539,1
7047,RTLQ8205,1
7058,GCXG6968,1
7069,GMCG1111,1
7080,AYCM6954,1
7091,NNIV7304,1
7102,IDLB7918,1
7113,RYHO5191,1
7114,QSSW5438,1
7125,HQOD7240,1
7136,RTPC3276,1
7147,VTEZ7705,1
7158,GEFM5978,1
7169,SFVE3246,1
7180,NSVI1752,1
7191,HMYD8655,1
7202,VMOM4372,1
7213,GSZZ1682,1
7224,IIGP2543,1
7225,AJIU4029,1
7236,IFCY6039,1
7247,VGQM1411,1
7258,AIGP4102,1
7269,CNDY5115,1
7280,UPVQ4547,1
7291,ZDYD4812,1
7302,EKIA8010,1
7313,IFVP9706,1
7324,NNGC7392,1
7335,ZRBC8468,1
7336,JNEH3577,1
7347,CUBX9737,1
7358,UNDJ6307,1
7369,OEYC9692,1
7380,NXZX1810,1
7391,SRDY3436,1
7402,KODL6446,1
7413,MPQN4202,1
7424,ZZFV7438,1
7435,BJMG2482,1
7446,CSUJ9022,1
7447,SXHK1494,1
7458,OPUL3821,1
7469,KECE2614,1
7480,QADL8202,1
7491,RBSF4474,1
7502,MBFR9679,1
7513,UWWU2609,1
7524,HRGB4429,1
7535,BVDZ2932,1
7546,HMMM7944,1
7557,DODG4041,1
7558,SODW5460,1
7569,ENGP9774,1
7580,WIPS5792,1
7591,ZMDI7911,1
7602,MBBT9567,1
7613,CFTU2281,1
7624,WABW6848,1
7635,QMPA2383,1
7646,SKRN4124,1
7657,SUUS8247,1
7668,QSDM8551,1
7669,JXTG5655,1
7680,BBVG4688,1
7691,KANY5020,1
7702,SXZL7924,1
7713,GYWM7568,1
7724,XRZT5226,1
7735,GBRE2290,1
7746,PUHN6506,1
7757,MEWX1243,1
7768,LWDP7568,1
7779,IQZQ8874,1
7780,KWNV5180,1
7781,KKCY6513,1
7792,KCWD2239,1
7803,UCQY5054,1
7814,VPLH7367,1
7825,MFSC9934,1
7836,MAEC8711,1
7847,VTUP2855,1
7858,NIHE7248,1
7869,HBZE2670,1
7880,DQSB6389,1
7891,JNCG2399,1
7892,IPFM8867,1
7903,LBZA1500,1
7914,WSMN5030,1
7925,ABBO8252,1
7936,IVFY3427,1
7947,NXJQ1983,1
7958,IDXM8078,1
7969,VTBJ4584,1
7980,LKJF5015,1
7991,XJCV1362,1
8002,KIIK4632,1
8003,ZNBO6388,1
8014,OXMX5871,1
8025,ISEP4368,1
8036,RPQD1911,1
8047,GRTE8966,1
8058,JHME1477,1
8069,BZZE6047,1
8080,SSWE2937,1
8091,RAMM5582,1
8102,ANWC9829,1
8113,QCSS6092,1
8114,NATT9866,1
8125,IPSP6737,1
8136,MABB7527,1
8147,CYYE1868,1
8158,YOUP5284,1
8169,LXDS3603,1
8180,GSSH9065,1
8191,MCQQ4838,1
8202,VSBF4373,1
8213,WKZP4286,0
8224,WUDE3253,1
8225,BQNY6521,1
8236,OGJY8707,1
8247,QLYF1489,1
8258,TUCX6068,1
8269,QYQV2404,1
8280,AJNF6839,1
8291,ILQH4645,1
8302,KXKP7482,1
8313,LYZH8858,1
8324,FWEN2169,1
8335,EUZV5663,1
8336,FVUN1460,1
8347,VJWU4226,1
8358,FWRG8853,1
8369,JBRB4332,1
8380,QHNM2434,1
8391,BJHR9886,1
8402,FHXU4473,1
8413,KSTE5012,1
8424,XWGV3019,1
8435,WDBT2667,1
8446,XFUT9220,1
8447,QCRS6893,1
8458,NTGO2688,1
8469,IXVB9716,1
8480,WKAF6218,1
8491,FONN6717,1
8502,LDTU3269,1
8513,QFOJ5705,1
8524,BRYJ8775,1
8535,NAQW6839,1
8546,QQIZ9731,1
8557,STVH5542,1
8558,NFDT2753,1
8569,NPQM6121,1
8580,TTGM4612,1
8591,RDHI4058,1
8602,LKEK3364,1
8613,HHZS3140,1
8624,JPNI8935,1
8635,HEPL3664,1
8646,IHXJ2662,1
8657,OKCR3734,1
8668,JXGH3485,1
8669,EJTZ7590,1
8680,ZRUS3508,1
8691,PLCF7476,1
8702,QDXF9669,1
8713,YPIA4247,1
8724,RPTC9582,1
8735,TMMH2021,1
8746,IQAW4781,1
8757,LAEB8134,0
8768,BOZM8579,1
8779,CGCL2090,1
8780,CFGW1851,1
8791,USOX5704,1
8802,WZCR9052,1
8813,ZXIJ2960,1
8824,AWTH1999,1
8835,RXBK8970,1
8846,BRWE8984,1
8857,FOOH2559,1
8868,JGFN2622,1
8879,IFQJ9578,1
8890,RIRH9254,1
8891,BQLT7819,1
8892,EPRS3856,1
8903,TVGI5605,1
8914,JLLY9594,1
8925,GFLK9619,1
8936,KUCX9261,1
8947,EWVO8113,1
8958,JXFF1905,1
8969,ETMT5892,1
8980,DNDD1107,1
8991,DUWW9096,1
9002,LVSB7692,1
9003,JJFT7009,1
9014,QUDM7175,1
9025,FPDY1581,1
9036,KERP6680,1
9047,FFYZ3088,1
9058,KLLO7385,1
9069,CFJB5505,1
9080,SPBX1126,1
9091,IWXS4272,1
9102,MBPL2065,1
9113,WLRP8761,1
9114,RBJD3833,1
9125,RYLC1210,1
9136,AMLS4984,1
9147,ZCXR2159,1
9158,OJZD9943,1
9169,CSZP1423,0
9180,HWHK1180,1
9191,CORD9963,1
9202,VUEF5562,1
9213,ASLO1669,1
9224,TBTA1606,1
9225,JXWY2465,1
9236,TONA6138,1
9247,IUXD4722,1
9258,KWUM2225,1
9269,XIQI6524,1
9280,GXAM7266,1
9291,LMII4686,1
9302,ZJKY2552,1
9313,VCDF2455,1
9324,CRAW9213,1
9335,IVUY3618,1
9336,CFQH1829,1
9347,UHIP5179,1
9358,DTGJ2712,1
9369,CDSM9446,1
9380,TOOM2914,1
9391,KPBW8020,1
9402,CAPE8032,1
9413,JMAV8227,1
9424,PFOL2485,1
9435,IRHP2795,1
9446,KRGK3271,1
9447,CNZD5576,1
9458,NAUQ8107,1
9469,JSCA3152,1
9480,LLUI2195,1
9491,KXZO4755,1
9502,QMCW8235,1
9513,TAAF9407,1
9524,SRLS8915,1
9535,AHOD7156,1
9546,EMYM3860,1
9557,LQKC8558,1
9558,ARBN6325,1
9569,WLXL2198,1
9580,PUNU5059,1
9591,HCHQ7389,1
9602,BMQU1769,1
9613,HTHQ7096,1
9624,CQID8729,1
9635,ZSRX6266,1
9646,ENNH8785,1
9657,EQXC9250,1
9668,EAIX5610,0
9669,WPXS2112,1
9680,GBHR2191,1
9691,KDHI4461,1
9702,GPZS7551,1
9713,ODNB3118,1
9724,ZDEK6529,1
9735,YXLH1242,1
9746,CWQP2303,1
9757,IPUD4007,1
9768,IMJD7954,1
9779,YOMJ4838,1
9780,GCXM2999,1
9791,VNJD2044,1
9802,XWJE4211,1
9813,YOUO3021,1
9824,LBRG4083,1
9835,IKCC1075,1
9846,SUES5289,1
9857,QDHB7894,1
9868,EUGO9965,1
9879,LFON5552,1
9890,IZNL5159,1
9891,ZILY4511,1
9902,OJQI7808,1
9913,DHIZ2476,1
9924,IJDL4432,1
9935,PHAE2429,1
9946,NSLP5107,1
9957,WBHR3048,1
9968,KSNM1045,1
9979,SFPB4075,1
9990,BSXY2189,1
10001,HAUC6980,1
10002,PMOD9827,1
10003,JUQM3000,1
10014,FAPE7904,1
10025,DBRE4316,1
10036,HPUH3194,1
10047,JOKK4457,1
10058,ZURY6660,1
10069,ENCX5315,1
10080,YHHK9875,1
10091,MHMW6952,1
10102,IWXS4619,1
10113,IEWG4988,1
10114,KFQB2017,1
10125,VXIP3367,1
10136,TFPY6923,1
10147,DMDB4805,1
10158,JCCT1305,1
10169,PVXL5596,1
10180,POPA8368,1
10191,IWFF7220,1
10202,MIOF8066,1
10213,IKHZ6065,1
10224,GXNM9856,1
10225,TDLB1020,1
10236,RMUH1117,1
10247,AWQV8266,1
10258,BXNV1642,1
10269,MBTX7562,1
10280,KKVL4269,1
10291,OGCA5679,0
10302,JTFC8160,1
10313,OAOE1246,1
10324,LFLO7019,1
10335,KLQA9743,1
10336,HEMN3594,1
10347,KZUT8571,1
10358,BPOQ7110,1
10369,ZUWT3464,1
10380,TUFK6922,1
10391,ITQE7893,1
10402,HXPB5439,1
10413,OOCL9444,1
10424,YOAI1371,1
10435,LPEC3181,1
10446,BIMW2946,1
10447,YMBO4087,1
10458,MGNZ7865,1
10469,HDTA1074,1
10480,JXCZ8252,1
10491,UCCJ1254,1
10502,HUYP2617,1
10513,NAWP4754,1
10524,ENES6929,1
10535,KVLA5206,1
10546,PPKH8761,1
10557,JVNB2251,1
10558,CRPV8942,1
10569,OBCL7063,1
10580,PVWK1077,1
10591,IGAP3982,1
10602,DNZV8267,1
10613,MQNO6749,1
10624,EYZV1516,1
10635,EQYP2773,1
10646,NCIM1916,1
10657,VFNO8232,1
10668,FLBO4819,1
10669,DHHW1670,1
10680,RUWI2035,1
10691,PBUC4828,1
10702,KBBL8074,1
10713,AWGC1118,1
10724,WSWI7423,1
10735,GCFT7657,1
10746,TDYU2814,1
10757,GHRF8635,1
10768,QPZP3381,1
10779,EQRS9469,1
10780,VUFP3289,1
10791,SPDY6809,1
10802,NGYD7972,1
10813,KSVO8355,1
10824,IDDY7707,1
10835,NNYS3497,1
10846,YAEK1377,1
10857,VECX6489,1
10868,DLEX4327,1
10879,WOXJ8139,1
10890,MCLK9337,1
10891,FEUE6584,1
10902,VTGN9461,1
10913,NOFQ6640,1
10924,WGTN6540,1
10935,BUIL7582,1
10946,FLVU2471,1
10957,BTSF6453,1
10968,HZXW5110,1
10979,REXQ7648,1
10990,IIPK1571,1
11001,WBQV2088,1
11002,MMFD7283,1
11013,OSIY9250,1
11024,JDVW5645,1
11035,PKDV2163,1
11046,IHCJ7472,1
11057,WWJL6830,1
11068,JBJX7884,1
11079,EUZL6639,1
11090,AVXS7177,1
11101,TKRO6991,1
11112,YCOG1417,1
11113,YMOY9063,1
11114,IPUJ2863,1
11115,CXSE2605,1
11126,KYFY2465,1
11137,DUNT2039,1
11148,XOHE8412,1
11159,HXSA7295,1
11170,EKWU7531,1
11181,AMVD7537,1
11192,LYVL5076,1
11203,ABGZ2737,1
11214,BNCH6299,1
11225,QTHK8617,1
11226,PEUB7855,1
11237,AXWA1483,1
11248,ORFX6006,1
11259,RGPH9330,1
11270,GBQP6381,1
11281,UOKZ9420,1
11292,SYRL1425,1
11303,SRLQ2246,1
11314,NVLU4077,1
11325,ARIQ9806,1
11336,XGWJ8153,1
11337,SJAY8698,1
11348,EURT9433,1
11359,ZQBH3902,1
11370,OVPY5362,1
11381,FJJU7987,1
11392,MGRV1422,1
11403,USTW4469,1
11414,VASE2265,1
11425,NKFJ1884,1
11436,SXYX9321,1
11447,VLNS7365,1
11448,HNJX9612,1
11459,XFAV5535,1
11470,KYMQ9840,1
11481,EAKX2672,1
11492,YRQY1439,1
11503,OFBC4355,1
11514,ZIGS7184,1
11525,BTBO8063,1
11536,CGSK1988,1
11547,KFBK6959,1
11558,QSOC2771,1
11559,QRGP4146,1
11570,FOAC5279,1
11581,IHSZ5887,1
11592,XTGV8022,1
11603,SGRF1585,1
11614,TMCA5136,1
11625,NNHA4556,1
11636,ASAK7742,1
11647,UICT7698,1
11658,JBOP4827,1
11669,OGJR9169,1
11670,AOAC7332,1
11681,JLWK9858,1
11692,YJDI7534,1
11703,TBGA9945,1
11714,IIAX5544,1
11725,GLDC9143,1
11736,XWBY8023,1
11747,LNCG7263,1
11758,NBDF2954,1
11769,KJHD8669,1
11780,UZMG3866,1
11781,QLVS5357,1
11792,ZYHA7324,1
11803,XNFI5018,1
11814,XONE8172,1
11825,TDLX2731,1
11836,GLUY1264,1
11847,PLBL2268,1
11858,AUBL7189,1
11869,AHGO3929,1
11880,KWRS1486,1
11891,ATMZ4852,1
11892,WOBO6107,1
11903,BTFX5441,1
11914,OLAU4090,1
11925,FOIA1508,1
11936,XWOD2941,1
11947,PIPS8487,1
11958,EVNV1110,1
11969,SSEB3265,1
11980,PXMS6968,1
11991,ULXB9868,1
12002,ZNRD5243,1
12003,IUJX9758,1
12014,MURL5654,1
12025,MBLM9080,1
12036,UQWZ5997,1
12047,PQYO3295,1
12058,NWWL7392,1
12069,FLON3956,1
12080,ZCYB7061,1
12091,TYII1777,1
12102,EDTV8549,1
12113,VJCM1863,1
12114,GUXH5209,1
12125,BCOQ1319,1
12136,CUPK1196,1
12147,DMOQ4359,1
12158,QGSG8889,1
12169,HMSG8566,1
12180,KGGT6703,1
12191,HGYQ4975,1
12202,WONI9628,1
12213,TTNY4644,1
12224,MQYR3509,1
12225,HBSD2785,1
12226,CAOO9565,1
12237,ZNAQ2162,1
12248,DXDS5277,1
12259,MEKJ9946,1
12270,CZLW7645,1
12281,GNQA8813,1
12292,FSDV8115,1
12303,KARM9625,1
12314,SDBK1692,1
12325,XBJP7771,1
12336,LKBB2678,1
12337,ICFA2889,0
12348,LIMU4796,1
12359,NNDZ8268,1
12370,GTGN9595,1
12381,PSLX9866,1
12392,LBOP1319,1
12403,BBEQ7431,1
12414,VSLG8733,1
12425,SIDZ8680,1
12436,MKSM7083,1
12447,OXVW4308,1
12448,MDRW3235,1
12459,NIMZ7621,1
12470,VCXO3528,1
12481,OMOW4765,1
12492,WBUW3215,1
12503,CIQR5931,1
12514,RCWH5823,1
12525,FTKK6981,1
12536,VYFS7903,1
12547,RDOF6529,1
12558,MQZL7787,1
12559,EOSC5252,1
12570,QNGR8500,1
12581,YSZC9944,1
12592,LDKS7488,1
12603,TJRN7182,1
12614,IYFU1251,1
12625,GMXR2606,1
12636,MJNG5522,1
12647,XTOL5888,1
12658,GBLO7181,1
12669,OKRN9547,1
12670,BOUK3346,1
12681,NNJM2363,1
12692,HABU5286,1
12703,RBEV8367,1
12714,TERF3847,1
12725,TNKS2987,1
12736,YTJW6178,1
12747,SWDD8022,1
12758,SEIL6194,1
12769,NSOY9773,1
12780,BGYS9390,1
12781,HWIH2795,1
12792,CXJR5235,1
12803,LIVM7814,1
12814,OPVA5926,1
12825,DKVI2617,1
12836,UYPY8913,1
12847,XAID8648,1
12858,BTRK2760,1
12869,EMYX3568,1
12880,SSSU6432,1
12891,PWSH4028,1
12892,VQZF7642,1
12903,TZAL8517,1
12914,TELF9091,1
12925,IFBL8399,1
12936,RHHK2022,1
12947,CENN4814,1
12958,TSQQ6439,1
12969,DOWZ3424,1
12980,OYKI8739,1
12991,QRLN1477,1
13002,MVSP8518,1
13003,ZRJH5657,1
13014,JXNC7070,1
13025,EXUJ7513,1
13036,ADWI5214,1
13047,IKIZ3598,1
13058,KQWK7590,1
13069,NQPS5740,1
13080,PWEQ4641,1
13091,QFJZ1525,1
13102,XLLR9462,1
13113,DXET2098,1
13114,OJBC4650,1
13125,VPXM8458,1
13136,MZHJ4155,1
13147,MPUC7540,1
13158,VUWN6961,1
13169,JHAT4230,1
13180,FOUE4890,1
13191,WJOV6476,0
13202,USAA6682,1
13213,RQRB3359,1
13224,QEWW5814,1
13225,XQWT6179,1
13236,KMIC1755,1
13247,EUEN3774,1
13258,DAOL8464,1
13269,LMOJ9133,1
13280,HJHD2689,1
13291,XIQB5973,1
13302,GRFH7206,1
13313,TWRB3794,1
13324,CZQS3399,1
13335,RBAT9980,1
13336,SPJR9523,1
13337,CDWT6018,1
13348,SGZC3778,1
13359,JCBK4337,1
13370,FLAD2907,1
13381,HAQY5409,1
13392,XOQQ4019,1
13403,RULE5749,1
13414,NYVN8729,1
13425,LHJC9553,1
13436,FIID4670,1
13447,UUTI6719,1
13448,DAFD3955,1
13459,IMMO1398,1
13470,WROH8178,1
13481,QMAE3561,1
13492,KZNG9471,1
13503,AQNU8418,1
13514,GNNX4227,1
13525,CNRJ7868,1
13536,TDVT1420,1
13547,XCBV2268,0
13558,OGVV8934,1
13559,HKRW4821,1
13570,WJZP9606,1
13581,ZYVC2518,1
13592,ZWIA1972,1
13603,NVSF2192,1
13614,AZBS9283,1
13625,NEJK8612,1
13636,BUZS9931,1
13647,ILXE6973,1
13658,VSTR7006,1
13669,WYNV8011,1
13670,EGTB2424,1
13681,QVPQ2283,1
13692,OUQC2489,1
13703,BOFS5379,1
13714,BQNB6054,1
13725,WGHF4412,1
13736,KHSW8398,1
13747,OVHX4943,1
13758,AVNP8892,1
13769,XXKS2342,1
13780,IPRC9315,1
13781,PIEC1113,1
13792,THDK3141,1
13803,NCNC1899,1
13814,NVOO3176,1
13825,QJSM5022,1
13836,ONTE6154,1
13847,HRDH7837,1
13858,DAFZ5854,1
13869,SACG8670,1
13880,QWNK5236,1
13891,NHZJ7273,1
13892,XCIS7965,1
13903,DJEW3810,1
13914,DIKJ2323,1
13925,ZHZT7008,1
13936,LWIY6010,1
13947,DOEE8520,1
13958,FFIJ7352,1
13969,MPJE1465,1
13980,PWFF4985,1
13991,LWXF4793,1
14002,SMIH1317,1
14003,FAJW2103,1
14014,RUOU9999,1
14025,PAWW2767,1
14036,ZHHN8835,1
14047,USDV3747,1
14058,TKZK3179,1
14069,VCUV4417,1
14080,JBDJ2451,1
14091,IESI7105,1
14102,WVEA8503,1
14113,MRQG7020,1
14114,WCSJ5714,1
14125,QCIK9874,1
14136,HVXS6503,1
14147,TSMY9922,1
14158,TNHP7798,1
14169,VNUX6731,1
14180,FSBB5823,1
14191,DSIV1583,1
14202,XPZV6558,1
14213,BBAC9114,1
14224,QFVY5191,1
14225,DOFA1893,1
14236,NJRE4397,1
14247,FBHY3909,1
14258,RVVM5802,1
14269,JACX6373,1
14280,QSMU7735,1
14291,EXGW2221,1
14302,BCOW9796,1
14313,LSXW6461,1
14324,HCKT2625,1
14335,JAKE1264,1
14336,SUQP8210,1
14347,XKBY7953,1
14358,DCLS9774,1
14369,BQAW3899,1
14380,TSMC3881,1
14391,HEKZ1835,1
14402,OHCV6009,1
14413,YGBE7060,1
14424,LOAK6884,1
14435,GAZQ1219,1
14446,TIHR1230,1
14447,MHNM8727,1
14448,PDXP1902,1
14459,EPII7170,1
14470,OVTZ2696,1
14481,AJQH8469,1
14492,OGRV5583,1
14503,HRFR6511,1
14514,RYOK4717,1
14525,UEVV2279,1
14536,BMPM8786,1
14547,CNXM6035,1
14558,WARJ5293,1
14559,RNUZ2809,1
14570,RPFS9880,1
14581,NHJC9956,1
14592,WJZR7607,1
14603,WXZO9672,1
14614,HZOF4341,1
14625,JONT6112,1
14636,PSHK9278,1
14647,OMUR6894,1
14658,HJOL6079,1
14669,MRUO5568,1
14670,NEGY7297,1
14681,IBLY6997,1
14692,ZOAU4060,1
14703,GESZ4200,1
14714,BOEV4325,1
14725,AWOX9260,1
14736,FURR7177,1
14747,YLMK3692,1
14758,RLJF1082,1
14769,HQNL7649,1
14780,VFDI2841,1
14781,ZGXX8445,1
14792,YXIK5130,1
14803,YECF2403,1
14814,JSYM5278,1
14825,HBBC2897,1
14836,SFGC3461,1
14847,KMKW5669,1
14858,KUXT2019,1
14869,SROV9295,1
14880,MLDE6679,1
14891,OCXS5200,1
14892,JGNQ6230,1
14903,BUAU6594,1
14914,DYMY4575,1
14925,OIZH8287,1
14936,CYVI2905,1
14947,XAMS9105,1
14958,ZFZA3213,1
14969,HWRX3669,1
14980,PPOI5602,1
14991,FALV4963,1
15002,SHLJ7889,1
15003,PJMY5905,1
15014,DEMO5541,1
15025,MFOB9876,1
15036,ZZHZ5281,1
15047,XZZV5254,1
15058,PXQK6777,1
15069,VATJ8267,1
15080,TCSB9002,1
15091,ZAYM7795,1
15102,KKPJ8735,1
15113,CZSZ8326,1
15114,ZFQA7763,1
15125,SEYC8851,1
15136,ABOV4431,1
15147,YBTP1661,1
15158,UCMT6543,1
15169,WYUN2543,1
15180,CLBT6770,1
15191,SHEA1210,1
15202,RAZA8783,1
15213,ASSX2536,1
15224,ZZWS6235,1
15225,JLEZ7640,1
15236,LBXV7565,1
15247,XHRF7836,1
15258,MVUA2185,1
15269,TIXS7779,1
15280,SGLF7970,1
15291,PGJG6281,1
15302,ZQNX3042,1
15313,AHKA5063,1
15324,GLCW8806,0
15335,KRVT9366,1
15336,OCWF1392,1
15347,FECE7300,1
15358,BVAE1389,1
15369,WGJQ5264,1
15380,OLPM8718,1
15391,VCMF4374,1
15402,DNMR2055,1
15413,GRMJ5829,1
15424,BXGQ1354,1
15435,LGMH9541,1
15446,GMGP3643,1
15447,KTEP7799,1
15458,TJSV7033,1
15469,KXDY8097,1
15480,XAIX5196,1
15491,KBAM1076,1
15502,NEHK8876,1
15513,HSBQ7787,1
15524,KSIL8795,1
15535,HUQM1763,1
15546,APYI5849,1
15557,HVRS5517,1
15558,NCMD1360,1
15559,VHWD3665,1
15570,CGIS3844,1
15581,JNDM8340,1
15592,FJEJ5547,1
15603,JMMA5930,1
15614,XKIU5095,1
15625,IUHV3109,1
15636,VKHC8537,1
15647,OOTJ5488,1
15658,GBAW6829,1
15669,XELV2528,1
15670,ELXD2817,1
15681,TYQN6452,1
15692,GWJH1652,1
15703,JVLK1948,1
15714,IFYN7435,1
15725,CXHE4988,1
15736,UENA2346,1
15747,AFPY3186,1
15758,FKSW8051,1
15769,KDVN8933,1
15780,TRTT1718,0
15781,YCOI6426,1
15792,LIIN4248,1
15803,RQXB8770,1
15814,NAYV7155,1
15825,RARN6105,1
15836,QRIV3336,1
15847,NCXE7561,1
15858,HEUV8952,1
15869,RQWM5711,1
15880,NULQ7127,1
15891,YPZJ4336,1
15892,HXAE4363,1
15903,XYYF4924,1
15914,RFUB3455,1
15925,KLWI4774,1
15936,GUBC8747,1
15947,VWNP5821,1
15958,ALOR2418,1
15969,LEAZ7804,1
15980,YURG4845,1
15991,EYCS3213,1
16002,PSIS8362,1
16003,HVPB1319,1
16014,WXVE3532,1
16025,GAAG9921,1
16036,VFCX5506,1
16047,MIJX2501,1
16058,FKGP4347,1
16069,AWWJ3908,1
16080,GWVO8826,1
16091,CJBF3730,1
16102,EFCW8294,1
16113,OEBX4254,1
16114,FXTO8188,1
16125,CJTU4430,1
16136,NKYL5218,1
16147,WSSH9929,1
16158,XUMB7924,1
16169,UYYX9868,1
16180,SBGT5495,1
16191,MAOL4524,1
16202,LEBD2325,1
16213,TJIN8954,1
16224,LKMS4426,1
16225,EECO7285,1
16236,QWYA8428,1
16247,RBLB2146,1
16258,IHND9415,1
16269,TEWO7359,1
16280,TTXU7059,1
16291,HBYG1434,1
16302,FKIE2252,1
16313,OSBH4984,1
16324,VLOO2278,1
16335,UPBK2821,1
16336,HVLD9100,1
16347,KCTG8178,1
16358,TSPM1406,1
16369,VEYH2077,1
16380,DUFO3401,1
16391,LAYM5409,1
16402,YTHY7830,1
16413,XKYK9444,1
16424,SVII5142,1
16435,GBHA8787,1
16446,BQTS4998,1
16447,JQVF8399,1
16458,ZOMV7702,1
16469,PSBC9079,1
16480,IQWT3275,1
16491,BORD5266,1
16502,EVZS3485,1
16513,LOGH7321,1
16524,QBCO7986,1
16535,BSRG5821,1
16546,JGDB5735,1
16557,OUFD5765,1
16558,TMTO9980,1
16569,KVAL5087,1
16580,IYHP1712,1
16591,WYWC5125,1
16602,YQDY9197,1
16613,AIWZ1213,1
16624,FDRK9539,0
16635,CSMX5118,1
16646,YDJN2136,1
16657,OBQW3290,1
16668,WQRH5643,1
16669,WEPL2814,1
16670,HXOB6946,1
16681,IDHR6369,1
16692,KCLX5292,1
16703,PIZD8553,1
16714,NGTF1270,1
16725,UZQU3654,1
16736,HXYU5057,1
16747,XOMI3770,1
16758,PFHK8775,1
16769,LAWQ6758,1
16780,XJBI3074,1
16781,NAGD8173,1
16792,VQIV3418,1
16803,WLHR9383,1
16814,QCYV2327,1
16825,PSAJ1037,1
16836,QOGE2387,1
16847,AJBV5598,1
16858,KNSK2143,1
16869,YEQM9516,1
16880,YUPZ4921,1
16891,MQPX2702,1
16892,WXAN6642,1
16903,RFDL4507,1
16914,BPMC5849,1
16925,XWMK7969,1
16936,LORL7356,1
16947,PIVO6964,1
16958,INOE9660,1
16969,VRNU5961,1
16980,YZJW9449,1
16991,CTWK2783,1
17002,JTDB5834,1
17003,XPUI9201,1
17014,TNDW1987,1
17025,JMLZ9485,1
17036,LVBW5080,1
17047,AAZY5595,1
17058,CEWZ1621,1
17069,TEEL5525,1
17080,SZHP1858,1
17091,OVDY1357,1
17102,EOFJ3023,1
17113,TBVV3619,0
17114,VCXE9184,1
17125,YKKA5504,1
17136,NJYI6311,1
17147,GEOY1632,1
17158,VPWO4937,1
17169,SBZC4749,1
17180,YBMM8524,1
17191,EZXR9571,1
17202,YZRX6369,1
17213,NOQB8807,1
17224,LSET5254,1
17225,TTTW7041,1
17236,HLUG4356,1
17247,BVBR1660,1
17258,ZAOK5951,1
17269,NMRB3719,1
17280,JMCV2404,1
17291,PHED8814,1
17302,JWMA4860,1
17313,WPQD9228,1
17324,FKKT3789,0
17335,ZBVB3162,1
17336,DESP2599,1
17347,WZGX6028,1
17358,KPZB7668,1
17369,NWLC7234,1
17380,RFPV4260,1
17391,XUTL1317,1
17402,EEQW4737,1
17413,YNGC1661,1
17424,XMAA1600,1
17435,KRUQ9640,1
17446,RCNC3051,1
17447,LYDG2096,1
17458,OPWK5657,1
17469,OZNQ2605,1
17480,EZKT2048,1
17491,WOFK2796,1
17502,NZSH5275,1
17513,EPXJ3055,1
17524,BRZS4107,1
17535,QZWS3094,1
17546,ALBC8265,1
17557,NVXF6934,1
17558,MCHB8774,1
17569,LACY5972,1
17580,KPUP8133,1
17591,OSGZ7162,1
17602,BUOL9546,1
17613,UIUU1611,1
17624,WNXH4356,1
17635,HSFP7129,1
17646,ZLIT7322,1
17657,BVVP8558,1
17668,CFQO2378,1
17669,QXJF4127,1
17680,XIDX9013,1
17691,NWGE4049,1
17702,BFDQ6959,1
17713,PZSF3474,1
17724,ONQQ3914,0
17735,FIRO6104,1
17746,ZDRL8653,1
17757,TPQC8799,1
17768,DDLB5703,1
17779,UZNV3503,1
17780,KIGD3833,1
17781,KIMB6859,1
17792,GBXQ7719,1
17803,UMKU3008,1
17814,FIDA6559,1
17825,BNPC9750,1
17836,JXJK8864,1
17847,CDZH7844,1
17858,XITK3690,1
17869,TTCR4871,1
17880,SXYW8139,1
17891,JGIC4375,1
17892,AFNA3505,1
17903,HNIU1455,1
17914,KVMN9954,1
17925,SCPB8304,1
17936,HQHC8954,1
17947,ODQW3063,1
17958,MOFW6007,1
17969,SOKI7727,1
17980,DRBY9065,1
17991,ROHQ3757,1
18002,BMQA6664,1
18003,WFLQ8389,1
18014,ECVR5083,1
18025,IYHG4668,1
18036,UULK7596,1
18047,AXGU5943,1
18058,HFEB8027,1
18069,KEZB6718,1
18080,MQUR6619,1
18091,OWYV3944,1
18102,ZFRQ1255,1
18113,CZEB6817,1
18114,PHHA8698,1
18125,RNBO8786,1
18136,YWOG6134,1
18147,LZLN1675,1
18158,AXPT6529,1
18169,PJJU1805,1
18180,SWZF6259,1
18191,AJJK6246,1
18202,MYNN9396,1
18213,BOJZ3785,1
18224,XFVY2557,1
18225,VTLJ4534,1
18236,VKUG6531,1
18247,OSDV6736,1
18258,IBLE9435,1
18269,MZDY4473,1
18280,PCQE7672,1
18291,CEAG3109,1
18302,PCES8944,1
18313,BQXS5104,1
18324,JTVM1484,1
18335,KGMA5218,1
18336,LJUP4908,1
18347,ZWGL8325,1
18358,FOKL1024,1
18369,HLSB6196,1
18380,OXBN6537,1
18391,MKOL2964,1
18402,VIMU4702,1
18413,WEOQ3577,1
18424,PCWS1542,1
18435,IWUL3797,1
18446,TUEJ4635,1
18447,GWRP4295,1
18458,FROF4806,1
18469,VILN7138,1
18480,ONLC7488,1
18491,LQHL4889,1
18502,VFQT5218,1
18513,KEVK4103,1
18524,OIKV3062,1
18535,IJSG3645,1
18546,UXCV2164,1
18557,WZSM9539,1
18558,GGHZ8627,1
18569,PRXL5719,1
18580,ZALU4373,1
18591,NSLF9754,1
18602,SJLO5085,1
18613,CWTQ5346,1
18624,UJBG4277,1
18635,ZTCG6145,1
18646,FWGZ7119,1
18657,DQYP7784,1
18668,PGIR8652,1
18669,UBMF1995,1
18680,MWGY7455,1
18691,FNFN2292,1
18702,BRSB7302,1
18713,KBGC3347,1
18724,INEQ7304,1
18735,IASP4352,1
18746,TMNF8547,1
18757,BNJE8702,1
18768,UETA1844,1
18779,RQAY8598,1
18780,ALMZ8145,1
18791,UREH6385,1
18802,BOFK8433,1
18813,JGLL6341,1
18824,DCQX4154,1
18835,NQBS7038,1
18846,CRJW9803,1
18857,VWDC9620,1
18868,IXQH8381,1
18879,XXMG1007,1
18890,UOIL8590,1
18891,HPLY5942,1
18892,QDAO9905,1
18903,YOJA9913,1
18914,MCEV1799,1
18925,WCHX8450,1
18936,AXHM7478,1
18947,BPVK4923,1
18958,FSDY1739,1
18969,AFQY4761,1
18980,ICFD8676,1
18991,TIOE9682,1
19002,LJYV1445,1
19003,EXWE4067,1
19014,OVOH3500,1
19025,ISKK6705,1
19036,IMTF9373,1
19047,EIXJ4169,1
19058,EESF7542,1
19069,EGRT7633,1
19080,KOLN6499,1
19091,WBJS9685,1
19102,WLWS8718,1
19113,VGHY1583,1
19114,DIBY5501,1
19125,YVIV5818,1
19136,OTHV8073,1
19147,IEBZ1497,1
19158,FNEM5744,1
19169,KQYY3384,1
19180,NDVH1697,1
19191,CUJG3354,1
19202,ETFT4143,1
19213,OXYX9706,1
19224,NXDN1462,1
19225,FOHV2695,1
19236,IKNP1365,1
19247,MYSQ8418,1
19258,DICP9939,1
19269,ZEFZ4219,1
19280,NXIY7877,1
19291,JZZN4529,1
19302,YSNR2773,1
19313,VMTB8201,1
19324,LGWX2738,1
19335,SKJQ3035,1
19336,VSAQ6342,1
19347,YFRD7691,1
19358,YXKQ4569,1
19369,JQJV1990,1
19380,ANEW6662,1
19391,NXWX5071,1
19402,OHIQ9659,1
19413,VPDS3177,1
19424,QEEQ4119,1
19435,RBLP1329,1
19446,LQXL7046,1
19447,MTWP5164,1
19458,YPOD1224,1
19469,ATYO6993,1
19480,QSAW4982,1
19491,GYGS3243,1
19502,XVXS3142,1
19513,GHMO6980,1
19524,XIOO8811,1
19535,BFGQ1414,1
19546,ZMYK4293,1
19557,MROA9335,1
19558,HAFF9495,1
19569,FNWW2582,1
19580,PAIZ2977,1
19591,XIMV8775,1
19602,YYYA5818,1
19613,JCRR8561,1
19624,WJUF5482,1
19635,VOOT2548,1
19646,MKAJ7998,1
19657,SCNI7282,1
19668,UENY6898,1
19669,WOGL9744,1
19680,PYKE2212,1
19691,PPUG2240,1
19702,JWVW3866,1
19713,CUOE9595,1
19724,FNUA7010,1
19735,KQJU8830,1
19746,XKYK1636,1
19757,NTJF8409,1
19768,CXVU7026,1
19779,AZRB8762,1
19780,ETZE9121,1
19791,UJJB4376,1
19802,YFOI7574,1
19813,RTSQ9255,1
19824,AYQZ2654,1
19835,NENM8324,1
19846,KSCI3922,1
19857,VCXT4006,1
19868,JPRP9935,1
19879,PXUN6674,1
19890,JSSI4096,1
19891,VNDH6005,1
19902,ZACP6934,1
19913,SUQW2344,1
19924,WGLX4306,1
19935,RBYN7205,1
19946,CWOI4977,1
19957,MEGV5170,1
19968,FBVH6442,1
19979,ORXN2715,1
19990,JFFP2933,1
20001,OHGF7867,1
20002,ZUWA4753,1
20003,FZKA9757,1
20014,BENP4179,1
20025,LUOH1704,1
20036,MPOM6769,1
20047,ONDF4926,1
20058,BKBJ4823,1
20069,ILOW7565,1
20080,WXUX1821,1
20091,FWEU2769,1
20102,TQNP3330,1
20113,MOIV1093,1
20114,ARQF5176,1
20125,TFBQ2427,1
20136,VLFZ6855,1
20147,HLKZ7219,1
20158,CZDR7048,1
20169,WZDI3665,1
20180,NKAY2074,1
20191,FGEZ7989,1
20202,NFSM9624,1
20213,KNFV3679,1
20224,YSKN2822,1
20225,AMDV2220,1
20236,IWTS9141,1
20247,UMHB8835,1
20258,BKIV1344,1
20269,AGNQ5114,1
20280,QEYC7860,1
20291,MZLT1710,1
20302,TCNQ1671,1
20313,NVJT5324,1
20324,MNTP1565,1
20335,JICJ1869,1
20336,WWTL2467,1
20347,OLBB3339,1
20358,TSLK7269,1
20369,WZJU6863,1
20380,HTPS4769,1
20391,BKSV6148,1
20402,YJYW8585,1
20413,ATLK9686,1
20424,GWUT3957,1
20435,SNAP8364,1
20446,TSTU8630,1
20447,BUUR3717,1
20458,TFQE7874,1
20469,FCME1731,1
20480,MMRA7773,1
20491,JFAE5155,1
20502,ZFZH2515,0
20513,GUTH2581,1
20524,RKCD2080,1
20535,PERV9716,1
20546,KBXA5219,1
20557,OCVR4708,1
20558,HYAL4195,1
20569,TTOQ7635,1
20580,JUMV3871,1
20591,GNWZ6042,1
20602,BEEN7150,1
20613,HKVL4568,1
20624,LAEP8188,1
20635,ARRY9687,1
20646,LRGP6396,1
20657,JVWS8348,1
20668,DUME5058,1
20669,PTFB3868,1
20680,XJXE9154,1
20691,BDPL2293,1
20702,DDLC8401,1
20713,CCHE8763,1
20724,RZRB1990,1
20735,HHFQ9727,1
20746,IGEG8021,1
20757,JTPI2224,1
20768,HDXE4293,1
20779,ATUP3405,1
20780,VBUL9561,1
20791,KFWI9828,1
20802,PQJL3004,1
20813,QQEQ9153,1
20824,RIUG8905,1
20835,XRNS4148,1
20846,WZQW5207,1
20857,GABL1778,1
20868,FMJK6776,1
20879,QXLF6147,1
20890,EOZA6587,1
20891,ODCD9594,1
20902,JPVK8861,1
20913,LDTK7519,1
20924,NSKP8542,1
20935,PUOD7189,1
20946,MXRZ5156,1
20957,CBKN9307,1
20968,LAMV7450,1
20979,AQBZ7169,1
20990,VMBA4557,1
21001,WFOT7525,1
21002,RWSX7863,1
21013,HFJN5585,1
21024,ERAV6836,1
21035,TXFZ1437,1
21046,NHUI1528,1
21057,IIJB9832,1
21068,NVLG5704,1
21079,VKZY6419,1
21090,VIIX8820,1
21101,WEDX5592,1
21112,BBZW9639,1
21113,OXRI6002,1
21114,ZOCV5504,1
21125,SURD3833,1
21136,GDRA4098,1
21147,GKRS1514,1
21158,XJIN1054,1
21169,FRSK5018,1
21180,HLAW8397,1
21191,TORX4302,1
21202,ANRS7490,1
21213,JCUF5005,1
21224,UXMJ3812,1
21225,OZIF9973,1
21236,NHTU3887,1
21247,HFMT6667,1
21258,ETWH5717,1
21269,ILWT1779,1
21280,URBM1102,1
21291,ZBIW1778,1
21302,POBO3817,1
21313,DDHO7003,1
21324,RAPK9219,1
21335,JOBR9601,1
21336,HNVL9459,1
21347,VJAS6182,1
21358,PWST4581,1
21369,NNEC7513,1
21380,SRDV8876,1
21391,MEVZ4450,1
21402,KGCS4355,1
21413,LGCZ1109,1
21424,MBKM7991,1
21435,NGLZ6338,1
21446,RQXF9364,1
21447,FVXP3594,1
21458,NKHG9553,1
21469,FZOY2216,1
21480,RKLS2836,1
21491,LEKR5584,1
21502,RWKL9221,1
21513,KFQU4512,1
21524,COWT8979,1
21535,GUUO4090,1
21545,IWFO5473,1
21546,YTOV9687,1
21547,YNOG3136,1
21548,HURP7884,0
21549,JSBL8003,1
21550,NEKA3339,1
21551,QVPM8381,1
21552,QQPL7378,1
21553,IPTH8360,1
21554,FWHJ3064,1
21555,SYMU1699,1
21556,NPKX9421,1
21557,SPUP4976,1
21558,XISS3296,1
21559,XXKQ8528,1
21560,OVAQ8225,1
21561,WNYC1500,1
21562,ZXNN4414,1
21563,LEUV4803,1
21564,IJNR5725,1
21565,VBFZ8264,1
21566,JREH1993,1
21567,DJVP5718,1
21568,KFNU1923,1
21569,UBPL4399,1
21570,ZTEB1234,1
21571,CUDS6473,1
21572,EMEU3893,1
21573,NIQL7539,1
21574,MVMU5454,1
21575,VVET6090,1
21576,CUQR8433,1
21577,MYXS6458,1
21578,ELDL3974,1
21579,DQRS7862,1
21580,UXZR6970,1
21581,BSXS4685,1
21582,KBTM1780,1
21583,BHGJ5686,1
21584,JLGR9000,1
21585,FIZL7157,1
21586,VJTP3308,1
21587,MPMS6428,1
21588,ZCBY7641,1
21589,VZHR8493,1
21590,IZRU6636,1
21591,YRXO6285,1
21592,ZMIG1182,1
21593,FFNO4071,1
21594,BSVS4531,1
21595,OJQE1589,1
21596,JUOI1392,1
21597,AHNS3202,1
21598,OADM5204,1
21599,ICLV8041,1
21600,ZJMG3056,1
21601,TBTR8228,1
21602,YPBZ7935,1
21603,ZCIZ9801,1
21604,NRWS4079,1
21605,RXCC6293,1
21606,VXKD7983,1
21607,HZGP2226,1
21608,TUOO8941,1
21609,YPDA9819,1
21610,DLKN6110,1
21611,JUFB4805,1
21612,LRDT1582,1
21613,APVA6657,1
21614,TOHE8657,1
21615,EJWJ5330,1
21616,QZUB1161,1
21617,KWCY2638,1
21618,IIWY7422,1
21619,GFMW9280,1
21620,EJAG9502,1
21621,ZAGO6291,1
21622,ZVJW9614,1
21623,YHAQ6979,1
21624,PRSC9650,1
21625,AKPV6852,1
21626,LOHY1341,1
21627,RFDT8947,1
21628,TLTL7316,1
21629,UVUN9118,1
21630,ATBA5890,1
21631,VQIV6304,1
21632,GIVU1106,1
21633,CDTA3182,1
21634,DTFA6802,1
21635,TJZD6202,1
21636,YRRB2440,1
21637,ZUEO3053,1
21638,QPVZ3650,1
21639,RVJN4475,1
21640,RBTB9769,1
21641,EJSX5560,1
21642,JMFD4260,1
21643,QWCS8257,1
21644,LEDA7309,1
21645,PXIE3220,1
21646,CTWJ4417,1
21647,FXQO9932,1
21648,LCXG6135,1
21649,SOWO7189,1
21650,CZNM5880,1
21651,GHYK8890,1
21652,FKKR3056,1
21653,YNWE2832,1
21654,EVVY5233,1
21655,FONI9850,1
21656,EFXE2683,1
21657,WDQB1994,1
21658,HEHU2505,1
21659,GIOT6153,1
21660,OHSE6016,1
21661,OFRS9609,1
21662,ORMD2312,1
21663,TGLV8278,1
21664,SXQF9830,1
21665,VHZG4931,1
21666,JKVU7458,1
21667,NTNI5591,1
21668,BDLC6196,1
21669,AAQI4043,1
21670,ISZP3263,1
21671,XFZU6086,1
21672,NNIN4482,1
21673,IOQQ9145,1
21674,JXHA1757,1
21675,SXDR1391,1
21676,NAHP4992,1
21677,JAQO3342,1
21678,YLMX7743,1
21679,AWVA2586,1
21680,LWUI9570,1
21681,IKIS1952,1
21682,RUXZ3539,1
21683,FRWB8933,1
21684,RCDY4698,1
21685,VONH5240,1
21686,AGYD5697,1
21687,WZDI6521,1
21688,NBGJ4635,1
21689,NJRY3281,1
21690,DZXN1601,1
21691,EQOP9434,1
21692,ONYV7242,1
21693,YTOD1248,1
21694,ZZNB8074,1
21695,SOAJ7922,1
21696,GOZS4400,1
21697,ELHY8209,1
21698,IQLR9549,1
21699,EWDT6149,1
21700,DXBV6524,1
21701,ABXA1229,1
21702,XVET7460,1
21703,JVZX7337,1
21704,FJFO2318,1
21705,WXHC3004,1
21706,NCUJ8981,1
21707,UJLX5311,1
21708,NNNY4162,1
21709,YKKW6226,1
21710,EHEA5197,1
21711,BPAU3268,1
21712,ULSK5893,1
21713,ZPSL9188,1
21714,FEAW2426,1
21715,CVJR4974,1
21716,ZIZJ4906,1
21717,GCTN6181,1
21718,AXXK9581,1
21719,AHYD5820,1
21720,VUCZ3954,1
21721,GWBD1280,1
21722,MEKS8318,1
21723,QAUT3774,1
21724,RGOE3837,1
21725,ZVTJ6085,1
21726,WSSV6395,1
21727,GCHL9121,1
21728,ZAYI1442,1
21729,RCNO7518,1
21730,RBLV3738,1
21731,XTJM8578,1
21732,OZOQ7881,1
21733,CEXV7405,1
21734,RZLI5066,1
21735,RLVZ7266,1
21736,HTWG4967,1
21737,IGRV4205,1
21738,KGHW2492,1
21739,UGQW3315,1
21740,NAWU8536,1
21741,ZIHQ8004,1
21742,KNSL7447,1
21743,BLNZ9936,1
21744,UGOD6762,1
21745,FWTQ9363,1
21746,EDTH4254,1
21747,GJAC7761,1
21748,DRYA7331,1
21749,UVWJ4897,1
21750,FUMJ9055,1
21751,ZGMK3594,1
21752,XOOG9318,1
21753,JTVD8029,1
21754,EXEF5216,1
21755,DDWO8021,1
21756,EQPU1634,1
21757,KKKG9937,1
21758,BMVB7329,1
21759,LLVY7733,1
21760,BDZL4570,1
21761,ISFH1166,1
21762,UHNF7890,1
21763,BOMD7740,1
21764,UZBD5135,1
21765,SSYJ4860,1
21766,LDJX2058,1
21767,KKTP6040,1
21768,KVZQ1821,1
21769,JISY6181,1
21770,FCWB2394,1
21771,GSOG4536,1
21772,ESFT2090,1
21773,TNGK7099,1
21774,AILV8750,1
21775,KQLV3888,1
21776,WWIX3276,1
21777,SONP1368,1
21778,UOBN2160,1
21779,CSKN7843,1
21780,YWET2715,1
21781,SLBZ4447,1
21782,PZNG2609,1
21783,YDJJ1669,1
21784,TLWX9427,1
21785,WZWD6027,1
21786,JCQJ3389,1
21787,MTOC7838,1
21788,YGMH4190,1
21789,KYVT4859,1
21790,OPEO9618,1
21791,GZOD5821,1
21792,KKJM8588,1
21793,RPQE6949,1
21794,ZZUD1797,1
21795,QFYP5449,1
21796,OAMI9325,1
21797,ABIE9261,1
21798,MMLO3480,1
21799,AJAD1027,1
21800,DJYC8561,1
21801,IDSW2716,1
21802,RQXN7334,1
21803,ZQRO6883,1
21804,VTXP6128,1
21805,NGZL1859,1
21806,BNAM7091,1
21807,TTSZ1344,1
21808,VOUU5259,1
21809,EWNH4127,1
21810,KWZY6524,1
21811,MYCS9452,1
21812,BSVD2075,1
21813,ZBHD7274,1
21814,PWLH1138,1
21815,QLYE8608,1
21816,SGTT3102,1
21817,AMDN3930,1
21818,UVDW4598,1
21819,FAFJ4831,1
21820,BJDJ8472,1
21821,EXAY9334,1
21822,NMUY8330,1
21823,RCML5159,1
21824,JTNX3063,1
21825,ZKVH2726,1
21826,ZSIO2916,1
21827,CQKZ9565,1
21828,NSWF3894,1
21829,LMWN5662,1
21830,LXTB6450,1
21831,MBXW9717,0
21832,YGCS7112,1
21833,UJWY3217,1
21834,COKQ5704,1
21835,UXUV4882,1
21836,NBZV4358,1
21837,JERL8705,1
21838,JPFB9115,1
21839,MEIZ6395,1
21840,ZGYV5551,1
21841,PBJT1369,1
21842,DUAY5117,1
21843,PXYK8327,1
21844,CYKM6197,1
21845,DAWI7633,1
21846,WCKR1791,1
21847,XIGM7782,1
21848,QHAI3631,1
21849,WVPV3565,1
21850,XOKR1719,1
21851,EOMJ1503,1
21852,UCXH9364,1
21853,LVFC8557,1
21854,SWZV3041,1
21855,LKCA8745,1
21856,BBDN1334,1
21857,DTSE8414,1
21858,GEGP1533,1
21859,NFRR7532,1
21860,XZUN9269,1
21861,QLSZ8121,1
21862,WCUD1162,1
21863,BJQW7891,1
21864,NBMQ9286,1
21865,DMIV7096,1
21866,DNTN5954,1
21867,IBDB7895,1
21868,XRXR2538,1
21869,DMEU5505,1
21870,SZKI5956,1
21871,ETGA5855,1
21872,PMQL5856,1
21873,MNNV4515,1
21874,THTS8841,1
21875,FVTT6600,1
21876,JDFC2445,1
21877,ELOG6031,1
21878,PASS6842,1
21879,AWXR4872,1
21880,WFMU1789,1
21881,MGNZ3302,1
21882,IQTY6257,1
21883,DSBS8575,1
21884,GRYK9141,1
21885,CXSV9866,1
21886,YJZJ7632,1
21887,ICJW1753,1
21888,YSLX8091,1
21889,DPCR3962,1
21890,IDOH7806,1
21891,XTGF5263,1
21892,KKAL4699,1
21893,NNOI3340,1
21894,OWQZ1942,1
21895,QHYQ3829,1
21896,YIDK9955,1
21897,EUTW2787,1
21898,UMHP2684,1
21899,OWAC7162,1
21900,VJRI2114,1
21901,YHAT2859,1
21902,FVME4205,1
21903,LPXM6844,1
21904,RBIU1857,0
21905,KWSZ7954,1
21906,CYAP9229,1
21907,JYUZ4764,1
21908,JOSS4808,1
21909,AUMT4737,1
21910,DONZ5600,1
21911,NSCA5240,1
21912,CKQX5186,1
21913,BTJX3221,1
21914,ZTMM6739,1
21915,OBSR1144,1
21916,EOTD1423,1
21917,WDLC9990,1
21918,ZAEE4925,1
21919,DRYH8948,1
21920,NPTR5181,1
21921,BTRV9393,1
21922,UQLR2901,0
21923,CVWU9170,1
21924,GPBM1551,1
21925,ASMZ6926,1
21926,COYC5885,1
21927,MPIE3405,1
21928,DFNW7566,1
21929,ZJWK9550,1
21930,WMML6403,1
21931,FANC1755,1
21932,YKZX6461,1
21933,OKIM1058,1
21934,DSLM5657,1
21935,MRXY4543,1
21936,BLLU6108,1
21937,GSXJ3115,1
21938,XVEZ5974,1
21939,IJCF8226,1
21940,OBOM1100,1
21941,ENDS4529,1
21942,NGKX6552,1
21943,ORUD4550,1
21944,YDKS7720,1
21945,RZCM5017,1
21946,MPKP7187,1
21947,AHXH8885,1
21948,WENR8601,1
21949,XWLO6905,1
21950,YBIP3918,1
21951,LJCL3887,1
21952,FVMH9311,1
21953,HXDY3851,1
21954,WWKL2120,1
21955,OHLD8103,1
21956,GDST6037,1
21957,QBZH9669,1
21958,KBFX4455,1
21959,XPDG1725,1
21960,MGSP8815,1
21961,IXZH7145,1
21962,AITR1560,1
21963,SZIB9995,1
21964,EBUE7165,1
21965,TMGY5825,1
21966,QXYW8408,1
21967,OQVE3849,1
21968,ZZFX1843,1
21969,ADOC7158,1
21970,CCGE5782,1
21971,BSFE9038,1
21972,UIKJ2734,1
21973,TMOQ5665,1
21974,RZBF9288,1
21975,VORY3991,1
21976,NPSI4626,1
21977,SYXR6467,1
21978,WSWQ5135,1
21979,GFVA5101,1
21980,OCEI7009,1
21981,KCZK3143,1
21982,TASJ8040,1
21983,OMCZ8907,1
21984,NZOI5576,1
21985,VPDL1218,1
21986,CQRW4646,1
21987,XQHI8714,1
21988,DSZG8335,1
21989,MZNO6772,1
21990,HIAB5856,1
21991,HHQG6943,1
21992,CBGI2258,1
21993,HRIR4465,1
21994,AFKB1064,1
21995,CBBN3214,1
21996,NEPK6523,1
21997,WDAO3911,1
21998,EQVO3716,1
21999,UNYS4631,1
22000,MZUP3221,1
22001,RNUK8699,1
22002,WJNN9457,1
22003,OUUU3260,1
22004,GIOW1362,1
22005,JCJR3946,1
22006,FENG4322,1
22007,ARUQ8226,1
22008,GMKA9566,1
22009,ETJP1577,1
22010,LFRW1146,1
22011,SRAX2830,1
22012,PYCR2566,1
22013,TAYU2529,1
22014,KLVC7775,1
22015,MJAC3706,0
22016,DWUJ3740,1
22017,ADXK1951,1
22018,UXRL1137,1
22019,IEJG8608,1
22020,AQLY7068,1
22021,EAJQ7311,1
22022,WCVT2853,1
22023,JWEE7053,1
22024,GDPN7838,1
22025,JEDP1386,1
22026,VPVD6279,1
22027,JEJN5459,1
22028,UJTO6286,1
22029,CBSU9302,1
22030,GXDE1174,1
22031,XXBB7082,1
22032,BWJL2053,1
22033,YKCQ2086,1
22034,SJNR2642,1
22035,BFRZ1055,1
22036,VRFG1020,1
22037,DPGC6808,1
22038,WRBU7289,1
22039,YSKS6619,1
22040,DJCJ7639,1
22041,OQQY8849,1
22042,QILU9115,1
22043,TPIB6044,1
22044,KDBW5414,1
22045,QPJA9015,1
22046,EXHR2188,1
22047,VWVE1363,1
22048,WYVC1848,1
22049,XECB8547,1
22050,PILM7680,1
22051,YGNZ7513,1
22052,IJVH1118,1
22053,QMTC7836,1
22054,SOIZ5253,1
22055,WFIJ5805,1
22056,TGHD2639,1
22057,BLVS3795,1
22058,RWTR3301,1
22059,DGWT1908,1
22060,UDSY8459,1
22061,IPHH7089,1
22062,YUXT5913,1
22063,YZWK4134,1
22064,KAYN2023,1
22065,STTC7755,1
22066,XEGH2797,1
22067,AJZJ7494,1
22068,MOSR6998,1
22069,MMDU3579,1
22070,XBUB1630,1
22071,RKGF6066,1
22072,JKPP2307,1
22073,NDBF8865,1
22074,SOJY4659,1
22075,XCVE2269,1
22076,PGQE4677,1
22077,ECIA4352,1
22078,BZXB9264,1
22079,NSDF2901,1
22080,MZYL1911,1
22081,LZQO2463,1
22082,GYRN7960,1
22083,EAMS3954,1
22084,KWAB4289,1
22085,NPQR7397,1
22086,IVFG8346,1
22087,JYXR1842,1
22088,TCAJ1724,1
22089,KBHV1475,1
22090,LLHC6363,1
22091,CQKE5221,1
22092,VGWN1657,1
22093,QQQN9920,1
22094,BDXR2906,1
22095,PBKH4078,1
22096,AWCW7532,1
22097,ODNU6698,1
22098,DWWQ1066,1
22099,LIDI4439,1
22100,IKCA8472,1
22101,LVCO1442,1
22102,IVKG9232,1
22103,MHAK5190,1
22104,FMDS9111,1
22105,UPXV5705,1
22106,LNYA3916,1
22107,LTKA8926,1
22108,DWMH8885,1
22109,EOZG6502,1
22110,SARM6441,1
22111,NIUM1711,1
22112,DLDA1447,1
22113,WFLB4990,1
22114,LXWS9388,1
22115,LOAB4449,1
22116,PDUL7134,1
22117,ZKME7910,1
22118,YIBO2811,1
22119,BAFH6529,1
22120,HYBN6990,1
22121,UICW9757,1
22122,NVPS4019,1
22123,TIBL6366,1
22124,MILC1774,1
22125,BTRJ6661,1
22126,EUOA6412,1
22127,KDNT4575,1
22128,WQBA1781,1
22129,SGHP2100,1
22130,UTCD1813,1
22131,WPAF3136,1
22132,TJOX9481,1
22133,XEWU2982,1
22134,WVWH9075,1
22135,WGEX7510,1
22136,GERR3360,1
22137,FOLR2253,1
22138,RQFO7449,1
22139,DECY7810,1
22140,FGCT7629,1
22141,ZIVB1255,1
22142,VIIL8987,1
22143,XAUQ1736,1
22144,HQGW7093,1
22145,FLJN9137,1
22146,GGVX1589,1
22147,VVWI7434,1
22148,VOQQ9963,1
22149,WHTY1429,1
22150,HCQS3361,1
22151,UCXK4395,1
22152,YEVV9718,1
22153,TYMV6180,1
22154,ZPWJ2715,1
22155,HRZK8158,1
22156,JEAM3822,1
22157,KKHB7141,1
22158,JZQG8185,1
22159,PFQZ9709,1
22160,JZVH2878,1
22161,HWPO5946,1
22162,FTXT3534,1
22163,MTPG9555,1
22164,GZSZ3759,1
22165,IYQR8276,1
22166,AGNS6772,1
22167,QIAU9247,1
22168,FNSK3637,1
22169,FDKH9293,1
22170,PHKI9793,1
22171,VAWC8173,1
22172,GBLK8033,1
22173,APJS7694,1
22174,TSDX7954,1
22175,ECCY5167,1
22176,EMEI6324,1
22177,RAVE7201,1
22178,VTNJ6304,1
22179,XNUN7152,1
22180,WQOS9981,1
22181,LYIV4907,1
22182,JNJM2581,1
22183,QERW3958,1
22184,EHOU5803,1
22185,WZKX4267,1
22186,QOTK3205,1
22187,UFUM9272,1
22188,WCPD1764,1
22189,KOOZ2357,1
22190,HNWD2007,1
22191,JHQO7787,1
22192,WULU1848,1
22193,KTRW4727,1
22194,IXKR4842,1
22195,MBRM9785,1
22196,QHMD7237,1
22197,PMIK4504,1
22198,ZFNW3411,1
22199,ZIQT6242,1
22200,LBAB2047,1
22201,JUIY1088,0
22202,HOPH7741,1
22203,HBBJ1790,1
22204,LFLQ3334,1
22205,XQJY6117,1
22206,LRXU9945,1
22207,VLXV2483,1
22208,QSFZ9260,1
22209,XSDB2596,1
22210,TNKT5365,1
22211,KXTS1276,1
22212,DWER1486,1
22213,VSAK5341,1
22214,QHRH6035,1
22215,TEZP5304,1
22216,UFLE2416,1
22217,NCTG2055,1
22218,ene-95,1
22219,STBJ1357,1
22220,CXPG6864,1
22221,OMJV6267,1
22222,CSDE8700,1
22223,CHPK2173,1
22224,HGHE8059,1
22225,GWLR3254,1
22226,RYLY6004,1
22227,LENL6048,1
22228,GWGD9616,1
22229,TNLH3792,1
22230,FYND5471,1
22231,ZEBY7919,1
22232,BXBD8914,1
22233,HLIJ9495,1
22234,DUIL7623,1
22235,ZJHF9890,1
22236,HNLN9441,1
22237,ZQIW1512,1
22238,ADVG6195,1
22239,BLRS5176,1
22240,QGCT9826,1
22241,RYVL9429,1
22242,KLPZ6229,1
22243,VQON7842,1
22244,DYAI2823,1
22245,QXCQ6635,1
22246,RWGV9624,1
22247,GQQV9655,1
22248,IZTX6710,1
22249,BAAG7659,1
22250,HAHT9744,1
22251,GNAH7965,1
22252,FLDI4090,1
22253,OBEN9914,1
22254,PKED6939,1
22255,IEWN7990,1
22256,SKLY9282,1
22257,YZAX5007,1
22258,JNMK7693,1
22259,KWJL2743,1
22260,OXWK1852,1
22261,NDQL1080,1
22262,OTDS9668,1
22263,BVNL8055,1
22264,INHH3966,1
22265,UVLK3082,1
22266,CKQB7278,1
22267,VKHK9082,1
22268,CXDQ1848,1
22269,JBKB4494,1
22270,UMRU5970,1
22271,XNKP7635,1
22272,GQBK9639,1
22273,HXXH6797,1
22274,YXJO1025,1
22275,AWLP8386,1
22276,ZOVV2908,1
22277,HCTB6789,1
22278,CHWQ4916,1
22279,VTMN6875,1
22280,TNXS8512,1
22281,FMYX8874,1
22282,JAOR1445,1
22283,SKSB7599,1
22284,UOTD2505,1
22285,CCIJ2107,1
22286,LXHV5478,1
22287,CFSV5344,0
22288,BXBY5310,1
22289,CSQR5800,1
22290,WJFS8865,1
22291,AVDC2625,1
22292,HPHR3179,1
22293,OAMA7665,1
22294,OLZC2845,1
22295,PPSA5023,1
22296,CCGD1735,1
22297,GUQZ3869,1
22298,WEYW5698,1
22299,OEAY5495,1
22300,ZHOK6508,1
22301,NLAQ4215,1
22302,UAJP1333,1
22303,THYQ8835,1
22304,IHHV1250,0
22305,ZYUO8728,1
22306,RSNT6889,1
22307,UKSN6708,1
22308,RSJZ3526,1
22309,KJKR5451,1
22310,TWFH1593,1
22311,DAYE9747,1
22312,MIVK4112,1
22313,ICRJ6706,1
22314,KKWV2114,1
22315,UDOG8371,1
22316,BMDM9892,1
22317,VEDE2408,1
22318,OQYG1514,1
22319,WQVF5287,1
22320,SXAB4901,1
22321,NHWJ2920,1
22322,YNWP3891,1
22323,WSKW7687,1
22324,RPKT8531,1
22325,GRRY1484,1
22326,MCDC6825,1
22327,SALU6571,1
22328,EIUL3863,1
22329,YFUR2886,1
22330,QAPX5967,1
22331,LCFP6597,1
22332,NUZS5121,1
22333,ASQC7304,1
22334,QQBK5595,1
22335,XPFG5955,1
22336,BQWA1799,1
22337,DYNB2791,1
22338,TFCY6178,1
22339,RWLV9743,1
22340,LKOP8407,1
22341,LIKX6722,0
22342,EPRC6239,1
22343,TGRS5697,1
22344,NPLX3290,1
22345,KCOV6848,1
22346,LZNT8273,1
22347,TVGV1900,1
22348,JQND8216,1
22349,WGJB5416,1
22350,YSTF3084,1
22351,IFTC2880,1
22352,CCZZ8453,1
22353,TUWB1392,1
22354,DQDS6596,1
22355,UFPH6510,1
22356,MKWW8096,1
22357,OWKC8936,1
22358,QTLT3590,1
22359,QXBQ7744,1
22360,UHNG3119,1
22361,JKXH5575,1
22362,RSVF6376,1
22363,TOPS1366,1
22364,DLDC4718,1
22365,WFOW1542,1
22366,JVVY2554,1
22367,CNTN2117,1
22368,KKLI6108,1
22369,ITVL8936,1
22370,MZVD4740,1
22371,KTHG8153,1
22372,HUSY4202,1
22373,KBWF9572,1
22374,DZMM6722,1
22375,RHJV7266,1
22376,RKQL9380,1
22377,CAFQ2849,1
22378,JQEV8319,1
22379,MVEC3676,1
22380,MVLF3945,1
22381,UVNM9350,1
22382,GUCO9648,1
22383,VLAV2752,1
22384,UBDN9489,1
22385,CNGD6546,1
22386,CAVY5064,1
22387,EQRJ9144,1
22388,UFIE6199,1
22389,KQSV5542,1
22390,AKKK8037,1
22391,IFYO7127,1
22392,SSRU6917,1
22393,GQZF3418,1
22394,ZZNI5477,1
22395,RYCE2059,1
22396,YSIW4279,1
22397,SFYS8561,1
22398,HRCZ1143,1
22399,CQEV4320,1
22400,VRAB9133,1
22401,TVGL5434,1
22402,TVHY5977,1
22403,UCTA1013,1
22404,QMNM2524,1
22405,SCBN1895,1
22406,UMNT5603,1
22407,NYTD1457,1
22408,CBTI1724,1
22409,XNRK5866,1
22410,BXKA9836,1
22411,MLNL6618,1
22412,SJRB4932,1
22413,KMVA4532,1
22414,SBNL2330,1
22415,DAZC3521,1
22416,FPPC6194,1
22417,XVMV3106,1
22418,YJUS3528,1
22419,LLZK2906,1
22420,QTPS2786,1
22421,IVSW2640,1
22422,BNSR9096,1
22423,ZIMS3220,1
22424,HPMI6508,1
22425,LNFJ1430,1
22426,AGPN2267,1
22427,BJON7905,1
22428,WJPL7337,1
22429,VEYR3009,1
22430,POLA6061,1
22431,QREM6379,1
22432,HQBK7608,1
22433,OLAE3602,1
22434,UYYG5672,1
22435,MIXE8814,1
22436,OTIN3880,1
22437,MODO2971,1
22438,OCNP9945,1
22439,SXXR2561,1
22440,LZQR2633,1
22441,EWAY5446,1
22442,QGPK6383,1
22443,DPLO7653,1
22444,QJUB4516,1
22445,SYVW3660,1
22446,RACK6649,1
22447,JQFU6961,1
22448,ZRTK4565,1
22449,HHZO6615,1
22450,ICSI3024,1
22451,ZKCF6129,1
22452,SKHW9722,1
22453,CSOH2580,1
22454,KIEB7141,1
22455,JLFI5641,1
22456,EMKE4070,1
22457,ULKY5282,1
22458,XLNT1868,1
22459,BPBC2200,1
22460,CENH6958,1
22461,VTKR7863,1
22462,FMAE3217,1
22463,CTXD1888,1
22464,NDCV9721,1
22465,DKAC8256,1
22466,PSFQ9559,1
22467,EJVO8727,1
22468,TVDB5416,1
22469,KCKX4032,1
22470,PWBC3305,1
22471,CFLS7449,1
22472,MQUQ7269,0
22473,MCOE2980,1
22474,ESMF9133,1
22475,ZXIJ7071,1
22476,ZYSI8406,1
22477,QPNJ1480,1
22478,CUSJ3627,1
22479,YYXY3406,1
22480,UNOH4739,1
22481,ERVD3841,1
22482,ZWJH9019,1
22483,CFVW1351,1
22484,OKKB5132,1
22485,BRET5592,1
22486,ZVKQ1260,1
22487,ZLVH1964,1
22488,XNMY4676,1
22489,PROB1005,1
22490,PQHL6654,1
22491,RPIR2760,1
22492,JNTR9791,1
22493,KFES1712,1
22494,XCCG3317,1
22495,BKOT1259,1
22496,LGFG8943,1
22497,FPWE2113,1
22498,FGTU3743,1
22499,TJUZ3720,1
22500,ESEX9268,1
22501,WQMO5725,1
22502,QKQS3157,1
22503,WCVS9034,1
22504,JQBD2586,1
22505,QBVM7743,1
22506,HFAL7779,1
22507,IVUH3709,1
22508,KNBU8539,1
22509,IMUK4337,1
22510,XTLX1913,1
22511,SGYE4938,1
22512,UZTX1617,1
22513,IEJG8320,1
22514,VJOH7650,1
22515,XBXK7777,1
22516,TDJL3189,1
22517,VOFX2674,1
22518,DIOD1697,1
22519,FLNS7813,1
22520,BAJX6048,1
22521,MUCU1605,1
22522,NCUU5140,1
22523,NXKE3282,1
22524,LQUU9815,1
22525,XLZB5462,1
22526,QNQB6724,1
22527,QRPI2013,1
22528,ZZMU6482,1
22529,UKAS8943,1
22530,RKXK7831,1
22531,QKXY7556,1
22532,IHGN4901,1
22533,ZNCF6003,1
22534,IJKW5470,1
22535,IRMN7371,1
22536,NIGU1265,1
22537,TZTR3506,1
22538,QCUA3944,1
22539,XTTK5985,1
22540,XFDA5003,1
22541,UNFT5528,1
22542,TAWW7686,1
22543,SFSD8742,1
22544,XPAW3465,0
22545,GYJG5282,1
22546,NUJF2742,1
22547,IGGX7803,1
22548,GFOI4462,1
22549,LNDU2947,1
22550,PHRG7530,1
22551,KJVU1187,1
22552,BTXN2209,1
22553,LNZM7827,1
22554,SAQA7714,1
22555,PVSQ2400,1
22556,LWYC5435,1
22557,XDNU9750,1
22558,LUHA2821,1
22559,HOPI4730,1
22560,YCSC1406,1
22561,ZCKR7159,1
22562,FRKU7303,1
22563,OZMJ7476,1
22564,RAXE8087,1
22565,ZKRI7680,1
22566,ZNMD6768,1
22567,PMSW4217,1
22568,ORZG9259,1
22569,NYYR8654,1
22570,AUXB6666,1
22571,LAPD9033,1
22572,ZMUZ6173,1
22573,HQSO6643,1
22574,NAWX1709,1
22575,YTHU1960,0
22576,FRHZ2846,1
22577,UPHA1056,1
22578,AVTO5870,1
22579,MDDT4173,1
22580,NUDK6042,1
22581,HUMG2004,1
22582,ZIOV9351,1
22583,SVNF3031,1
22584,ZENF8336,1
22585,LAAU6803,1
22586,JUAX7358,1
22587,IIOD4965,1
22588,TYQU1564,1
22589,YRBB8339,1
22590,YMVO1555,1
22591,VDOH4657,1
22592,XZMN7155,1
22593,TUCO9900,1
22594,RBRF4912,1
22595,VVNP1536,1
22596,HWUW5026,1
22597,YTJS9598,1
22598,RTQM5579,1
22599,ZRAE5835,1
22600,DHNQ2328,1
22601,TAEJ8999,1
22602,SRVM3112,1
22603,RBGU1782,1
22604,XXCE9561,1
22605,VBQK9226,1
22606,DPQA9334,1
22607,OGCY5699,1
22608,VRDT2178,1
22609,TSAX4186,1
22610,HFJX4124,1
22611,BSVQ5352,1
22612,UFYP6888,1
22613,MLMS9706,1
22614,IESZ3745,1
22615,IIDK1811,1
22616,PSSK2714,1
22617,FSEU4611,1
22618,DZZA2131,1
22619,RPRR3518,1
22620,XWPF3708,1
22621,ELUD5348,1
22622,UWOQ3862,1
22623,LNTQ5398,1
22624,UYWG7282,1
22625,DLXP9869,0
22626,XOUK4574,1
22627,WORI7186,1
22628,YJOU2453,1
22629,HMGZ3571,1
22630,YYIE4835,1
22631,WJHP8765,1
22632,IFEP7033,1
22633,NMJJ5511,1
22634,XMKT4768,1
22635,VRIP1793,1
22636,JRCF3382,1
22637,MLVZ8286,1
22638,CTON3790,1
22639,GNML6167,1
22640,RNBD5318,1
22641,CZRB9203,1
22642,NGAN3471,1
22643,ZZIG3657,1
22644,VECC2121,1
22645,LVEZ5566,1
22646,ZGCO9856,1
22647,KANB3705,1
22648,JPWV7707,1
22649,NJDS8535,1
22650,AGJF1782,1
22651,PVZK4673,1
22652,KEUO5317,1
22653,GFBW1247,1
22654,OQEV5140,1
22655,YRWO3694,1
22656,ZMDO7181,1
22657,ZOEB1790,1
22658,WSCX8202,1
22659,UKTI4889,1
22660,JTXX8948,1
22661,URIW5205,1
22662,ZERL7442,1
22663,CWEM6266,1
22664,PJTY6478,1
22665,PMHW6791,1
22666,CMSI1257,1
22667,DNUR5781,1
22668,QFNI3527,1
22669,BHYI2816,1
22670,AYMG7454,1
22671,WQBL5340,1
22672,DVUV2099,1
22673,SQWL9277,1
22674,FJWO5871,1
22675,KDIY7960,1
22676,WVZH9813,1
22677,AQOW3044,1
22678,LMVL7669,1
22679,AFNM7485,1
22680,HTDV5228,1
22681,XWKD5838,1
22682,TIXI6305,1
22683,FJND7220,1
22684,OLUN3461,1
22685,JVGD7623,1
22686,XLMS4088,1
22687,KXAJ2513,1
22688,RMFL9861,1
22689,SOEQ4306,1
22690,BZEV5914,1
22691,LCCS2356,1
22692,IINV4266,1
22693,TDOW5601,1
22694,FVEX4800,1
22695,GIPK1779,1
22696,GNQW4239,1
22697,MOYM1425,1
22698,YTXH3401,1
22699,GEDS2146,1
22700,LHVD5891,1
22701,JFYA1975,1
22702,RZOU2860,1
22703,UWJZ4938,1
22704,MHBD7166,1
22705,MIQX7928,1
22706,KFLN2144,1
22707,EVLA3458,1
22708,PYOJ7319,1
22709,CKNW7031,1
22710,JCHM2278,1
22711,PFWM1296,1
22712,SLRC8209,1
22713,VILH1012,1
22714,ZUGD1043,1
22715,RYKY9327,1
22716,NRFB2071,1
22717,YTFN8653,1
22718,VHKX3985,1
22719,DCSF8195,1
22720,LCSJ9363,1
22721,RLRR3014,1
22722,SWBL4595,1
22723,NVNN3276,1
22724,QFDR8773,1
22725,LQKW2602,1
22726,ANPK3591,1
22727,UKTF3196,1
22728,WYKJ9866,1
22729,TYMG4374,1
22730,IMPT9604,1
22731,LRYA4117,1
22732,TEHD9964,1
22733,TOWW5201,1
22734,KZIJ7798,1
22735,WOUA1728,1
22736,EXNQ1504,1
22737,RJBT2938,1
22738,LQNY9487,1
22739,MWHA2240,1
22740,BGZA9536,1
22741,NUND2918,1
22742,HUIF6034,1
22743,FKDR6233,1
22744,PBCP4881,1
22745,FRMC5324,1
22746,TZZC8996,1
22747,JVRQ6801,1
22748,BRXZ2350,1
22749,AFAP5108,1
22750,MBHF2646,1
22751,LFYF7124,1
22752,FKVY3337,1
22753,RDEX1950,1
22754,ARQI8113,1
22755,NSSG2547,1
22756,XHJM1920,1
22757,ANPM6247,1
22758,AILX1438,1
22759,BIXD5352,1
22760,TSWA3078,1
22761,ZTQI4898,1
22762,YYHJ4077,1
22763,CLVU2173,1
22764,GDZA5673,1
22765,OHMZ2399,1
22766,PGPB7175,1
22767,ZLKR1660,1
22768,TPVA9548,1
22769,THSA7074,1
22770,ZKND3902,1
22771,KWCB4329,1
22772,FLFK2250,1
22773,IJAI9649,1
22774,QHTF4403,1
22775,FWBP6555,1
22776,CRJI7413,1
22777,MEET5252,1
22778,IIRA4219,1
22779,URKT3000,1
22780,NRMW7798,1
22781,MTML3188,1
22782,KRQM9847,1
22783,USFD7806,1
22784,ZGXY6953,1
22785,LDRL3348,1
22786,NOGG4661,1
22787,QTBM8290,1
22788,WEER7660,1
22789,GBUC4254,1
22790,VCFT2195,1
22791,CKMY8784,1
22792,XDBR4978,1
22793,RKZN2775,1
22794,KKJS5038,1
22795,YUWK5537,1
22796,JNGT9662,1
22797,DDZZ5645,1
22798,GUDF7498,1
22799,TSUF7354,1
22800,DFVL4837,1
22801,DFXQ5407,1
22802,DBHT2577,1
22803,SOEY8242,1
22804,ZXCC8091,1
22805,CEBJ9795,1
22806,MJIC9362,1
22807,YLMP3520,1
22808,TFXO5622,1
22809,BYCL6356,1
22810,WEVS5043,1
22811,GNRY6384,1
22812,KKFH3476,1
22813,WGEB5860,1
22814,NDCM1692,1
22815,YWNG4214,1
22816,WKSX9830,1
22817,WCRY5783,1
22818,TOXO9683,1
22819,WKUE2481,1
22820,WVFU4744,1
22821,IDSX5821,1
22822,KHLR1407,1
22823,TQOE6409,1
22824,QWVH7980,1
22825,FQHY9302,1
22826,SRRC4590,1
22827,XZRK3433,1
22828,VPRA9643,1
22829,WNVN6467,1
22830,FICY1618,1
22831,FAHQ9205,1
22832,TYXI8660,1
22833,MIDN5506,1
22834,YFQQ1739,1
22835,JTGF9769,1
22836,BDNH2576,1
22837,BUPM4003,1
22838,RXDI2260,1
22839,HPDW2781,1
22840,JIAP7410,1
22841,RZAW9344,1
22842,UQSQ1634,1
22843,ONLZ5267,1
22844,ESZZ4032,1
22845,SHQU7225,1
22846,VKXH7257,1
22847,VFSS5729,1
22848,TLZA5533,1
22849,KAEX6064,1
22850,QRDB8903,1
22851,GWZN2055,1
22852,ORUR1244,1
22853,EIOP1115,1
22854,YKPM8889,1
22855,QXJG5028,1
22856,DAXT8255,1
22857,BTWE3452,1
22858,UNAH3013,1
22859,DHGZ7696,1
22860,QUWT7409,1
22861,LAAX9866,1
22862,WSJE2356,1
22863,MRXT1445,1
22864,QXNK5100,1
22865,LSFH9569,1
22866,KPHR9260,1
22867,EXXK5899,1
22868,FJJV2193,1
22869,RVPI4611,1
22870,WHVO6228,1
22871,VOCS3002,1
22872,LXCN4679,1
22873,YUGY8146,1
22874,MMGW7910,1
22875,SPJT4300,1
22876,ORKM1346,1
22877,VTZF4663,1
22878,PVIF2121,1
22879,RKRW4307,1
22880,QNEL8805,1
22881,SKEK3270,1
22882,TELF7246,1
22883,LAUG3731,1
22884,URXM6868,1
22885,BJWM5893,1
22886,IOCW4495,1
22887,POOI1072,1
22888,FSMG5034,1
22889,TBFC3755,1
22890,LTSJ2767,1
22891,WVQX9674,1
22892,FWQD2361,1
22893,HVFW6922,1
22894,UEFJ2737,1
22895,GCGQ9308,1
22896,ZQDZ1069,1
22897,MNIZ3674,1
22898,BNJZ9418,1
22899,WPIR8009,1
22900,XZEV3054,1
22901,NNCJ9630,1
22902,TORP2612,1
22903,ZMKV9266,1
22904,XRSP5077,1
22905,UXIX9007,1
22906,AKYN3422,1
22907,PLVZ5574,1
22908,FSLG3309,0
22909,ROSW6845,1
22910,RMKK4209,1
22911,KTLF8397,1
22912,NLZB7928,1
22913,HSTX3122,1
22914,SZQN1571,1
22915,RKTL6523,1
22916,SGIY8629,1
22917,BNBE7459,1
22918,QYAS8966,1
22919,XYOB2979,1
22920,RKQK8268,1
22921,KKWW9225,1
22922,ZQER8741,1
22923,GZVO5741,1
22924,FMFW8376,1
22925,PBNH3176,1
22926,HIIL2447,1
22927,XUIK7845,1
22928,HLUE4002,1
22929,GQHB4191,1
22930,LAFP9040,1
22931,GXJD2020,1
22932,RAMM3982,1
22933,PJTJ8790,1
22934,KAVA1884,1
22935,HXVT9313,1
22936,QNAA9137,0
22937,KSQB6398,1
22938,SHCB6192,1
22939,XEVS4177,1
22940,BHRO6393,1
22941,EGYT2414,1
22942,IBEZ7130,1
22943,FXYX2165,1
22944,PQUV9498,1
22945,ZYOM8696,1
22946,NHQE7952,1
22947,KIYD8115,1
22948,WNSL7003,1
22949,QIQW9033,1
22950,LAUY2927,1
22951,VPPJ5355,1
22952,DOKV4495,1
22953,SPIE5042,1
22954,MMZP9374,1
22955,MAYI8186,1
22956,PKXS4135,1
22957,VRVS3842,1
22958,STXB2042,1
22959,PAWH3617,1
22960,XLDO7348,1
22961,KPJL5725,1
22962,WGMD8673,1
22963,UUVV3824,1
22964,MOIT4811,1
22965,JSFU9014,1
22966,YYZJ3129,1
22967,QIVB7533,1
22968,VNDG6326,1
22969,KJED9093,1
22970,IPKL2487,1
22971,HIEN4383,1
22972,EHXL8409,1
22973,YKOZ2964,1
22974,KQML3286,1
22975,UUWK7379,1
22976,WABX4337,1
22977,QEVN9072,1
22978,RDOE1111,1
22979,FQWW7551,1
22980,KZMK7406,1
22981,CTVI2816,1
22982,ORME9267,1
22983,QCLV5531,1
22984,RXNG3730,1
22985,SCLA5673,1
22986,LSKI4012,1
22987,VQQC6951,1
22988,WCTI9063,1
22989,FQBA2347,1
22990,XLXJ9512,1
22991,VXLN2862,1
22992,QXNQ3133,1
22993,PXKN4342,1
22994,EOYY7695,1
22995,WEZK9487,1
22996,XJNO5206,1
22997,JOLX1537,1
22998,DQWG4364,1
22999,AQWJ4552,1
23000,PJRF7559,1
23001,QOHH2466,1
23002,YEVZ2974,1
23003,FJZA6701,1
23004,GLLD5510,1
23005,HTZR5341,1
23006,KAEH1420,1
23007,XIMS1248,1
23008,XJCP8513,1
23009,BEXX1294,1
23010,LWIX6232,1
23011,ASNQ6643,1
23012,HPXY5981,1
23013,RGSR7165,1
23014,XFPH4461,1
23015,VJWV1401,1
23016,LIEM9132,1
23017,VSPK3299,1
23018,QGJW7485,1
23019,AOXW7080,1
23020,CMPQ6902,1
23021,TEWZ6139,1
23022,OZJI2735,1
23023,NPWP1018,1
23024,KMIV5534,1
23025,XWWH7559,1
23026,MGNN9265,1
23027,XVJL2935,1
23028,PIYN3371,0
23029,WYQB3543,1
23030,DBSN2913,1
23031,CWDD9933,1
23032,OFBD7696,1
23033,NMFY8589,1
23034,ZBAN3275,1
23035,TECX2624,1
23036,OLCV4539,1
23037,IBXQ4917,1
23038,YZQM3389,1
23039,VNRB3372,1
23040,RIDK8593,1
23041,NDXO4730,1
23042,DOLH5375,1
23043,DGYE9074,1
23044,MPSQ7132,1
23045,FTVP8899,1
23046,MJOQ6636,1
23047,NCYZ9401,1
23048,KTGE2632,1
23049,ORSP9167,1
23050,JHIF9688,1
23051,GTOU4857,1
23052,UQSB5572,1
23053,AUXK4412,1
23054,ZXHX4301,1
23055,SORJ6316,1
23056,DFQD7633,1
23057,TFQN8080,1
23058,FCTW4927,1
23059,MOEG6326,1
23060,XOWJ4987,1
23061,KXNV1644,1
23062,ZNUF7653,1
23063,QEZC6502,1
23064,OLGQ4724,1
23065,SJQF9159,1
23066,AKNJ2441,1
23067,LGRY1026,1
23068,LEBU2423,1
23069,LLJU8271,1
23070,YPQW6070,1
23071,VXKT9866,1
23072,OCFW2119,1
23073,NOJA5758,1
23074,SZIE3875,1
23075,HCSH1505,1
23076,TOIH7123,1
23077,FCLM9974,1
23078,DDLJ7841,1
23079,FXGS8975,1
23080,DXQO2949,1
23081,IQKP9818,1
23082,HIYF7850,1
23083,NPZQ6797,1
23084,FGEO6569,1
23085,JKYI4675,1
23086,MNNW4101,1
23087,HNEY5787,1
23088,MHOT2020,1
23089,FVGT3848,1
23090,AXND8629,1
23091,HSYN9129,1
23092,JTEX9752,1
23093,PPTG6473,1
23094,UYAR2873,1
23095,UEMR1289,1
23096,WPVH6318,1
23097,ACMB5920,1
23098,XPVX5997,1
23099,NLIK3832,1
23100,UQAK3342,1
23101,WZUI7468,1
23102,TBRA1904,1
23103,DKNK6939,1
23104,ZLFA6533,1
23105,ERZT5059,1
23106,ZRDO3357,1
23107,JHUA1728,1
23108,UGBG3068,1
23109,OJIH1451,1
23110,NQMU5877,1
23111,JKNE3493,1
23112,ATSY2730,1
23113,MDGA2431,1
23114,GVUF3324,1
23115,XORS3040,1
23116,HJOO8251,1
23117,ILTG1046,1
23118,GVTL1425,1
23119,CQXD9967,1
23120,MLBC5678,1
23121,IWOG3222,1
23122,RSCS7310,1
23123,KMOD8259,1
23124,ZHSR8869,1
23125,UIIC6266,1
23126,EVKL5776,1
23127,UCVW6011,1
23128,HFDS2669,1
23129,PQFY9195,1
23130,NFIZ2260,1
23131,UKKT9395,1
23132,MHCA4570,1
23133,LMIF3494,1
23134,MIXT8066,1
23135,FEGJ9702,1
23136,BLCN4891,1
23137,GHKF9278,1
23138,WMRS6587,1
23139,ADZA2658,1
23140,FHWS7113,1
23141,EWBN8474,1
23142,HAGD2008,1
23143,UPXJ9036,1
23144,ELOR5829,1
23145,OBFH5450,1
23146,VBPP3731,1
23147,AQPB9829,1
23148,INMO8454,1
23149,ZUVF7230,1
23150,NCDJ8154,1
23151,ENWD7896,1
23152,UURQ6834,1
23153,QMVY5815,1
23154,EJVG3735,1
23155,JSDT3184,1
23156,SRJG8014,1
23157,RKFM2747,1
23158,OSZA1878,1
23159,PMQK4586,1
23160,VCQA4149,1
23161,VDZB1323,1
23162,KKHU5813,1
23163,CUIU5858,1
23164,CWAT3828,1
23165,KKCU7009,1
23166,NSCC2464,1
23167,DKLV3639,1
23168,HSXW9823,1
23169,UXHC6587,1
23170,ELXW3745,1
23171,JUVG5240,1
23172,IYSG8949,1
23173,FJXD6406,1
23174,DQDM2576,1
23175,JMPO7844,1
23176,JAAS8203,1
23177,OLJO1990,1
23178,VXQI6224,1
23179,CDQE9603,1
23180,OUBR3292,0
23181,BCER2664,1
23182,MSSF1778,1
23183,PJPS2345,1
23184,AECX1689,1
23185,BDET1384,1
23186,AJWI5803,1
23187,VRVJ2019,1
23188,VLHJ5432,1
23189,BNGI1207,1
23190,YJSG8841,1
23191,VSRR2764,1
23192,WLWK1167,1
23193,VAZL9444,1
23194,MMBN2311,1
23195,GOXC5898,1
23196,IISV5799,1
23197,RGQQ5931,1
23198,UWHD1402,1
23199,LYJJ1419,1
23200,SWOI3162,1
23201,EEIW5599,1
23202,EWSS2980,1
23203,PWRU5280,1
23204,VOVP6670,1
23205,LSII5062,1
23206,WSBQ9644,1
23207,PHWK7891,1
23208,HXDX7060,1
23209,YNHW3856,1
23210,GBDI3646,1
23211,RLUV6935,1
23212,TOVW8499,1
23213,OLBY7247,1
23214,GACP7446,1
23215,MVMU6481,1
23216,ZNPX2254,1
23217,OGTL2692,1
23218,HIGF4310,1
23219,ZHUV8458,1
23220,LWHS4559,1
23221,NSAR5172,1
23222,BFFI4994,1
23223,GWNX4792,1
23224,BUOI9582,1
23225,QCYC1787,1
23226,YBER3443,1
23227,INMU4074,1
23228,TBYB2264,1
23229,XOTD6256,1
23230,VZNV7264,1
23231,RJNF2748,1
23232,WTGZ5678,1
23233,QRGO3462,1
23234,ODGN3891,1
23235,FSEN8765,1
23236,FFHK3772,1
23237,BKOU7298,1
23238,CCKI8249,1
23239,SQNP3613,1
23240,ZXXO3457,1
23241,SGNI7085,1
23242,WJPA8664,1
23243,DHUK1625,1
23244,YVAC9887,1
23245,YLYV1306,1
23246,IAKX1972,1
23247,LRPO6448,1
23248,UZTQ3253,1
23249,OFIL6228,1
23250,MPWQ6343,1
23251,ADIK5689,1
23252,SEWQ2675,1
23253,TZUM9490,1
23254,DHRV4210,1
23255,VXLI6087,1
23256,SOTZ1796,1
23257,RPPP7831,1
23258,GZWB8124,1
23259,XKRD5976,1
23260,BZQW5117,1
23261,HALA2016,1
23262,LNNE7837,1
23263,LCGL7157,1
23264,EULS8417,1
23265,PLEU5787,1
23266,MLRV3278,1
23267,ZLJG3773,1
23268,KASN8951,1
23269,IXOD8871,1
23270,JFUV3643,1
23271,YHDK7239,1
23272,FBIC4459,1
23273,LANH1877,1
23274,MAGH6744,1
23275,FYRN5652,1
23276,REIT8967,1
23277,AJYE8443,1
23278,OSTL5728,1
23279,SWRW9045,1
23280,TJWR9850,1
23281,VBLB1210,1
23282,CFAK6467,1
23283,VDJY6703,1
23284,TYEP6333,1
23285,YIEX8494,1
23286,SVHF5290,1
23287,HCLS4044,1
23288,JMUM3768,1
23289,NOCV6481,1
23290,ZTCE6070,1
23291,BHHU6353,1
23292,MRMT7697,1
23293,DXQI9506,1
23294,VGFD4007,1
23295,VUQO6561,1
23296,WKSA8986,1
23297,EVVS5937,1
23298,HKLD5846,1
23299,ZWVG9201,1
23300,TKRV3775,1
23301,QNEB2257,1
23302,LPHA7551,1
23303,OOYL3085,1
23304,UOCI4735,1
23305,JLDG8494,1
23306,EFDV9445,1
23307,BSHM8732,1
23308,EDRX2772,1
23309,XRMG2122,1
23310,MZWB9884,1
23311,QFRU7877,1
23312,YCWO9316,1
23313,FFWH9296,1
23314,QVWN2667,1
23315,AAFT4787,1
23316,KCRF3259,1
23317,UTJC6279,1
23318,WPQW5680,1
23319,HFHB6641,1
23320,ZUDL6714,1
23321,CIAV8708,1
23322,LRTD7641,1
23323,UIDN6717,1
23324,CESE7630,1
23325,QFWD3414,1
23326,XGPR9411,1
23327,YYGB1389,1
23328,VWWW7802,1
23329,HRZE3114,1
23330,OINO1424,1
23331,OXPR4708,1
23332,KCOM7291,1
23333,THXO4431,1
23334,XANI9615,1
23335,KBDR2192,1
23336,IJZA6081,1
23337,ZJBQ3730,1
23338,CZOL1225,1
23339,YPNN6976,1
23340,IXEO4446,1
23341,MVWA5997,1
23342,ILQO3939,1
23343,PPCU1065,1
23344,MOFV8087,1
23345,WGOB7416,1
23346,YRTH5394,1
23347,NPVQ8852,1
23348,ZLQL9030,1
23349,WHCI5664,1
23350,PYJS5796,1
23351,OHIY4812,1
23352,VDLU9420,1
23353,USVZ6204,1
23354,CGPM6245,1
23355,HYVP3281,1
23356,PLMZ8448,1
23357,OGJT6543,1
23358,MFKC6006,1
23359,ZEXQ4994,1
23360,KJLW1054,1
23361,JYKZ4734,1
23362,RGBA1912,1
23363,DHHE4993,1
23364,YWDT3684,1
23365,ZKHR4192,1
23366,UTUB9815,1
23367,XFHP7506,1
23368,VPLX9036,1
23369,EFDM6145,1
23370,FWBH2865,1
23371,RBJN9924,1
23372,CDFI8126,1
23373,ZOPN4347,1
23374,RLMO6161,1
23375,QGYZ8125,1
23376,KEXP7161,1
23377,XTAI9868,1
23378,LKMT3095,1
23379,CEED4772,1
23380,GVJJ9202,1
23381,AJXJ2805,1
23382,RQBD8269,1
23383,BPQO9369,1
23384,FSCI8561,1
23385,HZHL1151,1
23386,IWIL5609,1
23387,EARE6098,1
23388,LRJH7029,1
23389,WPYZ6916,1
23390,KLEJ2841,1
23391,ILVB9212,1
23392,ZVOP6235,1
23393,TQCF3479,1
23394,JJIY2022,1
23395,SKYH9189,1
23396,BCNA2112,1
23397,GAEK6727,1
23398,OSXL9640,1
23399,YBSY4807,1
23400,VMCZ6703,1
23401,LXOU7969,1
23402,PTME8791,1
23403,NSDR2016,1
23404,HQHQ3236,1
23405,AVPY8528,1
23406,LJGG1106,1
23407,JSSV3311,1
23408,NCEE9427,1
23409,MDVB1398,1
23410,TOEL9260,1
23411,NJHI4301,1
23412,YEMJ5299,1
23413,APLY5349,1
23414,VEJY6940,1
23415,QFXX3007,1
23416,AKKS2187,1
23417,CMKD3652,1
23418,CONF4390,1
23419,FIVZ7023,1
23420,JHUI2855,1
23421,YGLL5520,1
23422,JBRP4925,1
23423,GIQD5591,1
23424,NCAQ6326,1
23425,RZTP7049,1
23426,LAKT1505,1
23427,PMZU4330,1
23428,DLAY8550,1
23429,VUCB1146,1
23430,HCIG2331,1
23431,IJID9184,1
23432,GWPY3997,1
23433,QGZU5822,1
23434,VUSB9255,1
23435,ZEEY4885,1
23436,HWFV6088,1
23437,XEYU6953,1
23438,UYIC5123,1
23439,YWME2347,1
23440,MKLM2077,1
23441,CVEK3197,1
23442,MOGC3507,1
23443,PHNN6546,1
23444,OJIP5394,1
23445,NHNI4785,1
23446,PPLU6277,1
23447,FZSS7215,1
23448,VIMR9270,1
23449,QVKH4764,1
23450,OVGJ4787,1
23451,XISW3724,1
23452,KZHX9287,1
23453,JMHA8274,1
23454,RIVF9145,1
23455,TFUA5569,1
23456,BKVH4715,1
23457,ARBC8761,1
23458,NBHS5158,1
23459,CJZX9248,1
23460,KTCQ5003,1
23461,EWEJ8926,1
23462,ZISB3549,1
23463,JVRS2020,1
23464,JDDD1040,1
23465,NGEG7507,1
23466,BJSO4032,1
23467,IVCT2977,1
23468,HGSL9681,1
23469,EHJA9728,1
23470,MUJC6539,1
23471,BWRT2841,1
23472,XAJD2260,1
23473,EBKK6628,1
23474,PCVJ7675,1
23475,ZDBB8946,1
23476,WMXI6854,1
23477,FMKR4152,1
23478,WRBL9453,1
23479,IYFY4042,1
23480,XMDJ8879,1
23481,SWEN9011,1
23482,TVYQ3138,1
23483,EXUY6340,1
23484,OQLQ1987,1
23485,JESL3430,1
23486,WUKD2913,1
23487,XQST2222,1
23488,GQNN2846,1
23489,BLNY5552,1
23490,RAXG8865,1
23491,XUAE2768,1
23492,GEOA2189,1
23493,AOGD7498,1
23494,KSQH4598,1
23495,WFLN8962,1
23496,UTUM4319,1
23497,VAMF8250,1
23498,MRSU4385,1
23499,VBJF3290,1
23500,XCXS1400,1
23501,UFXL8947,1
23502,QZNL7403,1
23503,FCWN2433,1
23504,YRZM7083,1
23505,XYKJ5006,1
23506,LWLT2380,1
23507,QYPN3606,1
23508,KQIX3352,1
23509,JJEN5954,1
23510,TPEK2612,1
23511,MWGP2291,1
23512,LLQV5704,1
23513,MSMK5507,1
23514,PMNV1423,1
23515,SETC8073,1
23516,FECA8576,1
23517,OVCH2648,1
23518,HHUH6298,1
23519,TZFN9105,1
23520,SPKE1447,1
23521,QLEG3825,1
23522,KVNK6982,1
23523,HYFI9829,1
23524,YRJL1476,1
23525,LZXK7793,1
23526,XFIK5485,1
23527,KQII2876,1
23528,YZCW2826,1
23529,HXWP6107,1
23530,JAIF7054,1
23531,ZYVX5149,1
23532,YCUK6894,1
23533,TEQQ6069,1
23534,WQEJ4008,1
23535,EFUW4351,1
23536,YWPQ4071,1
23537,COXL9320,1
23538,IJDK8849,1
23539,XHST2875,1
23540,FIPG4359,1
23541,GXTI7078,1
23542,DAOB6390,1
23543,LEVY4787,1
23544,WNJI2657,1
23545,JFZW6623,1
23546,QHGA5494,1
23547,MEBD1004,1
23548,SAOK6622,1
23549,FLLS9605,1
23550,ZBJI3510,1
23551,DVIR7487,1
23552,ZWFY9335,1
23553,LIXX2568,1
23554,ZQLU4935,1
23555,KDWL5954,1
23556,WKWS1955,1
23557,PYVN7703,1
23558,LZFB2766,0
23559,EIXO3356,1
23560,UOBB5641,1
23561,VDMC5750,1
23562,OWOV4589,1
23563,YYQZ4296,1
23564,CLTE3485,1
23565,EPKX7819,1
23566,IOEZ5072,1
23567,HIZA3824,1
23568,UFCS3531,1
23569,SDHH2068,1
23570,CHAZ7757,1
23571,WSIQ4828,1
23572,EURA7665,1
23573,RZMT5246,1
23574,WUWX6478,1
23575,BMOD9747,1
23576,PZCD5047,1
23577,NFBI1418,1
23578,DDEC1493,1
23579,WAVT9159,1
23580,KIVL5040,1
23581,YYEG5852,1
23582,WBEM2655,1
23583,JINL6159,1
23584,MHVE8823,1
23585,MIAM5852,1
23586,EFJV7515,1
23587,CVDM4445,1
23588,HPJX4222,1
23589,UFWI4754,1
23590,QCDA7278,1
23591,DMNM9135,1
23592,AGAV1150,1
23593,GQXM9587,1
23594,WTQM5067,1
23595,UEIK4788,1
23596,DXAH6460,1
23597,YRJZ7091,1
23598,NIKE7261,1
23599,GPDJ9600,1
23600,GKMS9413,1
23601,CALU1531,1
23602,VRSC2294,1
23603,HLOM6801,1
23604,XVGR2545,1
23605,RDEB3705,1
23606,SOXN2667,1
23607,LPAG8218,1
23608,QQXG8093,1
23609,OCJY5417,1
23610,LSPZ5302,1
23611,JXMU5743,1
23612,CMBM3916,1
23613,UNAJ6601,1
23614,OLAL3950,1
23615,HIQM4630,1
23616,ABDW9674,1
23617,LNLN8365,1
23618,XVTC3949,1
23619,JFBK6710,1
23620,TGCL8559,1
23621,NZCN6547,1
23622,CGPA4723,1
23623,RKVI1148,1
23624,BOYP7853,1
23625,RRDT5879,1
23626,PDAZ3932,1
23627,YKJF7677,1
23628,LDFU3274,1
23629,FEQA6738,1
23630,SNVH7614,1
23631,AMAB3038,1
23632,NKTH8491,1
23633,YWBI7357,1
23634,CEST4350,1
23635,UJZU2541,1
23636,ENUR8371,1
23637,QYPO4488,1
23638,ORWB7385,1
23639,KHPW7357,1
23640,RSNQ1878,1
23641,JYRH5192,1
23642,FEOV7203,1
23643,VCZS8658,1
23644,RVWP8724,1
23645,AZRR6312,1
23646,IZEA9346,1
23647,QFTC8677,1
23648,LLVC8274,1
23649,MXIK8081,1
23650,PJDU2267,1
23651,ROZU9005,1
23652,DVNR3814,1
23653,IJRK8485,1
23654,YZVA8552,1
23655,GFRA5710,1
23656,PSKB1230,1
23657,SOGE2464,1
23658,PHNU9365,1
23659,OXLA5375,1
23660,ZRNA2447,1
23661,WZMV4576,1
23662,LXER2586,1
23663,RAIA8730,1
23664,BOJH6999,1
23665,EELW4186,1
23666,QTSQ1424,1
23667,GBJM9030,1
23668,SPMS1604,1
23669,CKDJ7849,1
23670,PADJ8729,1
23671,UYXX3330,1
23672,PBAB4891,1
23673,BGHX7681,1
23674,OKUA6649,1
23675,BSEY5492,1
23676,EMXB6552,1
23677,BDEI4685,1
23678,PCMK5955,1
23679,PUZU7962,1
23680,NSRG2499,1
23681,YRGN8699,1
23682,IODO6128,1
23683,WZYV4806,0
23684,CHLM9407,1
23685,LTHD8103,1
23686,VYXC3021,1
23687,XMOZ3170,1
23688,HXUT9270,1
23689,CKUK8738,1
23690,FZKL3847,1
23691,CDQT4361,1
23692,IAKY1544,1
23693,USMO4874,1
23694,MSUE7970,1
23695,NLVD4531,1
23696,URWJ4619,1
23697,QQFC6323,1
23698,ERQZ8894,1
23699,NOVN3911,1
23700,URJM6163,1
23701,XGBT5919,1
23702,TYBB2369,1
23703,UIIW4287,1
23704,HRLP6914,1
23705,RPIB1792,1
23706,DDFE9785,1
23707,COVZ5157,1
23708,YQRB3497,1
23709,IOUY4792,1
23710,TBEZ3775,1
23711,CFQE4794,1
23712,NZOA1564,1
23713,ZNDF9765,1
23714,RUKZ7219,1
23715,AXSH1029,1
23716,KQFF8238,1
23717,PFGM7826,1
23718,PBCG9991,1
23719,FIWL4606,1
23720,KVJG9407,1
23721,BRHY6420,1
23722,ZMOL5175,1
23723,RVFF5414,1
23724,JOVE8237,1
23725,RYBX4356,1
23726,ZSGS1844,1
23727,BNCZ3998,1
23728,URAJ9294,1
23729,LVYB1049,1
23730,AMVB4919,1
23731,XTEU7276,1
23732,XOAN8274,1
23733,OKRY3720,1
23734,EHSX2766,1
23735,NEBW2062,1
23736,PHOX6102,1
23737,EHKY7612,1
23738,CKPX1363,1
23739,CEEF8523,1
23740,WFCY7578,1
23741,SYAH9377,1
23742,WPGO9461,1
23743,ZHOC1557,1
23744,DOWB7698,1
23745,JFBJ4779,1
23746,SGFM5154,1
23747,BXCD3361,1
23748,BNXY8466,1
23749,UJYM4300,1
23750,FLIN7582,1
23751,SOLH8871,1
23752,CEDA6809,1
23753,DYJB4360,1
23754,SVJF8440,1
23755,JJDN9863,1
23756,OIVW2049,1
23757,ZIDL5998,1
23758,BHJU3598,1
23759,WEDI4103,1
23760,YPPB8261,1
23761,SRGH6354,1
23762,ILDP7608,1
23763,FCJK9965,1
23764,BJYT9429,1
23765,HILP4466,1
23766,YORY3643,1
23767,QWQW9761,1
23768,OVOA7386,1
23769,TYPC9440,1
23770,FZEV3080,1
23771,WWMY2921,1
23772,HBUH8027,1
23773,BSDE7460,1
23774,PQUO7980,1
23775,DNCW7761,1
23776,RESO8943,1
23777,JWMQ5600,1
23778,LWUR3840,1
23779,DNJP4182,1
23780,FAZR6001,1
23781,UPIZ9155,1
23782,HHRF3124,1
23783,ZWOJ7990,1
23784,ZRCX4427,1
23785,BTGI2506,1
23786,MDDV1749,1
23787,SJXX1407,1
23788,LEAO2197,1
23789,GLCN2520,1
23790,QLLK6398,0
23791,BXLK8093,1
23792,RWBF8734,1
23793,CVRC8527,1
23794,TWYA7330,1
23795,UJFJ5010,1
23796,RZCC6765,1
23797,HUFZ8079,1
23798,HRBZ1623,1
23799,NRKS9596,1
23800,HUFF8559,1
23801,NZWI5265,1
23802,DQUC9195,1
23803,ILMA6775,1
23804,HHSY6937,1
23805,QGIO6365,1
23806,DPNI5985,1
23807,YDAR8083,1
23808,YENX2597,1
23809,VHCP9095,1
23810,GXTN5207,1
23811,TFFK4118,1
23812,XPXT7037,1
23813,WVDK4065,1
23814,VTWI2555,1
23815,SVBP7485,1
23816,MDMH8258,1
23817,PFYM6180,1
23818,ZNQL6153,1
23819,ACZX8743,1
23820,BWMB9482,1
23821,HCFG1578,1
23822,VSRO2839,1
23823,FIGQ4787,1
23824,UDLP8446,1
23825,XBKG8356,1
23826,GKSZ9222,1
23827,ZPXI2352,1
23828,QDOW7646,1
23829,BPTA8712,1
23830,VBXP7278,1
23831,YMHU6207,1
23832,UCXU1506,1
23833,DSQY9388,1
23834,KRKX1457,1
23835,JBRB9760,1
23836,MAQE7066,1
23837,YJRO1804,1
23838,YHOP5462,1
23839,BFGO8257,1
23840,QATA8777,1
23841,ERET1522,1
23842,OCGE8549,1
23843,VQLF1528,1
23844,BNZJ5148,1
23845,XBWL6379,1
23846,CIOD4500,1
23847,RRFR2907,1
23848,GSIB5614,1
23849,NLLA3429,1
23850,ISSD4294,1
23851,QVKJ6489,0
23852,NYWF2590,1
23853,ASES2442,1
23854,WJHX4458,1
23855,WELC3235,1
23856,JAKS3965,1
23857,DJOH2889,1
23858,RYFY1114,1
23859,QVVH1614,0
23860,QBBN4327,1
23861,ZFKW9940,1
23862,HCTI6607,1
23863,JBAX9020,1
23864,QKJY2237,1
23865,FVFT8001,1
23866,UTWY7879,1
23867,XSOA8066,1
23868,XJMT1056,1
23869,AALS8793,1
23870,UGJU4616,1
23871,QFDE5033,1
23872,SMTK1324,1
23873,KWSH9824,1
23874,YENB2586,1
23875,HXHQ3988,1
23876,FQJN5827,1
23877,GUBG5308,1
23878,LIKP1160,1
23879,BBFO6728,1
23880,IDDJ9811,1
23881,UTDB1297,1
23882,CQDJ5396,1
23883,FZPT2693,1
23884,HYNG9893,1
23885,ZSJU1367,1
23886,OILJ2099,1
23887,HGGT7186,1
23888,XXMN8740,1
23889,TAXO5936,1
23890,AASC8224,1
23891,LJVX6242,1
23892,HJKL9298,1
23893,SEGZ8745,1
23894,KUPS9610,1
23895,FWQR8600,1
23896,GHNW9013,1
23897,XXJZ7429,1
23898,JVIY6359,1
23899,AZTJ4806,1
23900,TOCL7866,1
23901,AYRT9105,1
23902,TRPV1942,1
23903,BGPX9960,1
23904,PIHZ1206,1
23905,JDJL2837,1
23906,FPNR2108,1
23907,RPKQ9727,1
23908,QSGC5363,1
23909,WGEZ8519,1
23910,YLZN1223,1
23911,MGQT7381,1
23912,VAWI4058,1
23913,SISY9646,1
23914,TDVT1551,1
23915,IUAY3192,1
23916,FBPP8757,1
23917,DAGK4944,1
23918,SRSV9368,1
23919,IBCB3467,1
23920,LFOD3148,1
23921,RVAR4774,1
23922,DCMH8923,1
23923,XICI7264,1
23924,UGZO3021,1
23925,YPAF3199,1
23926,BUAL5278,1
23927,GPZW1026,1
23928,OUMF8205,1
23929,LKXT3040,1
23930,CNKC7765,1
23931,WEFK8940,1
23932,KJHI5289,1
23933,OJAP2097,1
23934,SFIK3462,1
23935,YSNF8213,1
23936,NEIU8095,1
23937,BEDG7895,1
23938,UBCH7403,1
23939,BXME1847,1
23940,ZYVV7267,1
23941,UZXM9685,1
23942,LQTD1670,1
23943,UVNH6190,1
23944,XLFE1135,1
23945,BVHN2435,1
23946,YVUW1192,1
23947,QYCO1997,1
23948,UKRQ4039,1
23949,GWZV5123,1
23950,HIKZ5498,1
23951,SOFL1224,1
23952,TEMD7877,1
23953,TQSD2681,1
23954,LQHA4162,1
23955,HJQQ9318,1
23956,NVJV6322,1
23957,OHYB2924,1
23958,DZPP3910,1
23959,LVQQ2239,1
23960,PYGL3183,1
23961,AUSC7894,1
23962,GOZA7118,1
23963,LDHE1105,1
23964,ADQX6070,1
23965,RASF6814,1
23966,RCLG9101,1
23967,ZZZQ7678,1
23968,LZWT3820,1
23969,XQIZ8859,1
23970,AHXD7066,1
23971,MUKP8673,1
23972,NOVZ1912,1
23973,GPCI7606,1
23974,BVVZ2262,1
23975,NQMR5140,1
23976,TIQD7026,1
23977,TTRH1295,1
23978,ISEB6770,1
23979,ZBKK4604,1
23980,FZCX3591,1
23981,XICQ6286,1
23982,LLCX1779,0
23983,LFRQ5085,1
23984,OMND8287,1
23985,VQSJ6266,1
23986,USLO8955,1
23987,XMUR7987,1
23988,HYGX7012,1
23989,OKQQ2285,1
23990,HKNU4668,1
23991,IQYQ2331,1
23992,IPKZ5615,1
23993,DMQL2604,1
23994,QMIR2180,1
23995,RMAP7340,1
23996,ETUR9952,1
23997,XIQF2583,1
23998,TKGR6940,1
23999,KPFP9133,1
24000,FTWM6516,1
24001,RASQ1417,1
24002,KCDS1866,1
24003,ZSUA7297,1
24004,EDTH4259,1
24005,PYRU9627,1
24006,KCBB2099,1
24007,XGGB5058,1
24008,WRMK4620,1
24009,GBAM9209,1
24010,WIXD1628,1
24011,IOHX5238,1
24012,OFBJ1402,1
24013,AGSR5022,1
24014,ZCDJ6900,1
24015,CZAV2641,1
24016,ESHR7153,1
24017,QBKG9078,1
24018,AMEU9544,1
24019,FELG4262,1
24020,EDNI2892,1
24021,FGDE5655,1
24022,EKLB6988,1
24023,UJGD5858,1
24024,EALW4698,1
24025,RGRR1275,1
24026,SRRP7963,1
24027,WXTE4532,1
24028,QKFD6928,1
24029,UJYT2133,1
24030,GAPL3021,1
24031,FDWY9085,1
24032,WPQQ9655,1
24033,LOOX2940,1
24034,GETI5518,1
24035,ZIVX1070,1
24036,PWCR2938,1
24037,SVJF4581,1
24038,BKZI7092,1
24039,ILFM3452,1
24040,DEIQ7191,1
24041,EAWM8064,1
24042,CCNX7075,1
24043,FQXH2370,1
24044,PAEP1583,1
24045,KEED2731,1
24046,GPBS6799,1
24047,BAGX4753,1
24048,IWYI8516,1
24049,RKSM7330,1
24050,QZFN5969,1
24051,SYHJ4762,1
24052,UKRI9584,1
24053,TCCO5240,1
24054,FZQT9331,1
24055,EBPB9873,1
24056,TLJQ8702,1
24057,KFTW5259,1
24058,HGEN6801,1
24059,QEPM6495,1
24060,UKGZ3790,1
24061,JJSJ8478,1
24062,XFKH3689,1
24063,QQHG2138,1
24064,RARZ5175,1
24065,JWDI9267,1
24066,PVRN7912,1
24067,INRB9385,1
24068,OLIB7175,1
24069,YNRU7341,1
24070,WNWD3060,1
24071,HXYV7313,1
24072,FOHA6481,1
24073,KQQP2580,1
24074,ABPR1275,1
24075,RKFT2778,1
24076,SXBX1138,1
24077,WQGD5228,1
24078,MAUM3989,1
24079,FDRB9771,1
24080,BQDK4338,1
24081,FPVE6211,1
24082,IBUF2039,1
24083,WMVK8788,1
24084,JJNB1364,1
24085,VBPR4332,1
24086,TEZQ2199,1
24087,QCQG6905,1
24088,ZEZL1458,1
24089,CPKK1179,1
24090,NEMP9519,1
24091,XJCM9841,1
24092,JOJW5265,1
24093,TTZZ7294,1
24094,JOOH6465,1
24095,MEFM4150,1
24096,QORK6608,1
24097,BZYL9412,1
24098,ATFO5011,1
24099,PLVJ4622,1
24100,XNOC8807,1
24101,PADQ1216,1
24102,TFPR5279,1
24103,CBSG1384,1
24104,UBLK8654,1
24105,ZQWT7498,0
24106,QBSF1896,1
24107,WYFP7281,1
24108,QQWB6578,1
24109,SGFX1667,1
24110,IAGX1498,1
24111,REFI6918,1
24112,MUBD9559,1
24113,AJTL8941,1
24114,XCJX6568,1
24115,IIIV7938,1
24116,PDJQ6098,1
24117,HYPP3416,1
24118,CIDZ7706,1
24119,EQPE3919,1
24120,SGEU2452,1
24121,ZYVX2598,1
24122,LTIO3966,1
24123,TMQP1843,1
24124,YNME7948,1
24125,WQNM9635,1
24126,QXUR7295,1
24127,QVOE5134,1
24128,WYAA1562,1
24129,VGZM9993,1
24130,QZDO6968,1
24131,EBKR4009,1
24132,LXQO1951,1
24133,UEAW1070,1
24134,PMIE1025,1
24135,ZFNW6986,1
24136,EIFD7745,1
24137,IFTO8325,1
24138,MSMT1782,1
24139,YPEQ2905,1
24140,YINS1988,1
24141,MLQZ9823,1
24142,NYCV5466,1
24143,WBFC6160,1
24144,SHSU8186,1
24145,BSCK5038,1
24146,IOBG9288,1
24147,NYWB2111,1
24148,KYZQ9091,1
24149,DIBH9581,1
24150,MKKI4958,1
24151,UCSM2626,1
24152,JONI3917,1
24153,VMKW7008,1
24154,CEDR7219,1
24155,TIEI6852,1
24156,BMJQ4668,1
24157,GIPM3700,1
24158,PQWU8134,1
24159,ZPCB9405,1
24160,GFGV7462,1
24161,GXIY8549,1
24162,HHVH6102,1
24163,LKUT4615,1
24164,WKSJ6085,1
24165,MHLB3968,1
24166,DFMZ5221,1
24167,RRPJ4490,1
24168,BBHD8155,1
24169,YONK8921,1
24170,WUKB6135,1
24171,ICQY8713,1
24172,GVCV8615,1
24173,HDLT3625,1
24174,OAMZ7707,1
24175,PMEK3077,1
24176,JJMW3446,1
24177,HHAR4017,1
24178,HLDZ8209,1
24179,XMYJ2013,1
24180,CSGD8036,1
24181,FHXV1446,1
24182,IEQK5295,1
24183,AZUZ6582,1
24184,GMQD6405,1
24185,AFBW7804,1
24186,KJNF7696,1
24187,DDNR8001,1
24188,HMRR8657,1
24189,ZKCA7033,1
24190,ZAOU8245,1
24191,PFQE6417,1
24192,VXJX2910,1
24193,NLSF6354,1
24194,FWQJ8843,1
24195,TDKI5834,1
24196,BRLW1879,1
24197,USRA8080,1
24198,RLDV6734,1
24199,JEVX6905,1
24200,JKEX2687,1
24201,NWTR8595,1
24202,NADH5886,1
24203,ABNA6675,1
24204,SLYT9167,1
24205,LUJN7030,1
24206,GUIP9120,1
24207,SKJB1519,1
24208,AUOD1513,1
24209,SNVH3696,1
24210,GKPV7573,1
24211,HUWY2253,1
24212,XVUY7753,1
24213,WDFI5717,1
24214,JYMC8785,1
24215,BALF8074,1
24216,GECH8026,1
24217,LEHJ9303,1
24218,UFFV9233,1
24219,TAVY3224,1
24220,MSGN7303,1
24221,PZCN6254,1
24222,UZGH9765,1
24223,PFZY8017,1
24224,OQNG2483,1
24225,MSST7397,1
24226,OXWZ6151,1
24227,EZTJ3801,1
24228,DKFU2400,1
24229,KNHB4069,1
24230,GDDK3714,1
24231,DRZE4785,1
24232,TRRY1732,1
24233,VKYX8946,1
24234,YKAH9124,1
24235,UVOZ9864,1
24236,QWPN7514,1
24237,YANB7068,1
24238,TXDA1358,1
24239,EXLA9833,1
24240,CXNU9564,1
24241,XFXZ2115,1
24242,PLWZ1422,1
24243,YJHK7836,1
24244,URIZ9063,1
24245,MHWL7651,1
24246,WRAU7798,1
24247,QYVI7378,1
24248,NYEV8323,1
24249,OCWT9159,1
24250,MAHZ3609,1
24251,RGSX9440,1
24252,JNAX6488,1
24253,ODGB8035,1
24254,MPSB5831,1
24255,AXVZ3486,1
24256,YJCN1930,1
24257,RICA5105,1
24258,MTNE8477,1
24259,LEAX4627,1
24260,OZHH4391,1
24261,JYRJ9480,1
24262,YGGG5404,1
24263,EYDK7603,1
24264,HFGW1675,1
24265,BLLH9605,1
24266,QLHZ9092,1
24267,PLNI7601,1
24268,WQLB1426,1
24269,EVSD7960,1
24270,TZTI4017,1
24271,JIEJ9092,1
24272,VRKG3372,1
24273,OQSK3571,1
24274,KQYA2897,1
24275,SHGJ8642,1
24276,TZQH4052,1
24277,AVAK4222,1
24278,HYMP6921,1
24279,WDYT5876,1
24280,TGGV9812,1
24281,ALNX1055,1
24282,FVDE8758,1
24283,CCEI2471,1
24284,STRW1753,1
24285,VGSG6627,1
24286,EAQS5253,1
24287,PODN5851,1
24288,AWXS8455,1
24289,CDBH2033,1
24290,SIES7725,1
24291,QOPP4298,1
24292,ZMWU3290,1
24293,DZEL1750,1
24294,WVLE7543,1
24295,ZWDQ4356,1
24296,JAEM7817,1
24297,ZVSD8087,1
24298,CKLO9715,1
24299,FCMA9436,1
24300,XXCX2844,1
24301,SUEA1931,1
24302,BZOK9686,1
24303,LPQZ7126,1
24304,SZBI5539,1
24305,SHSF3356,1
24306,JKGI8207,1
24307,URNP1920,1
24308,ORDG8333,1
24309,RWCF7460,1
24310,LHUB5976,1
24311,BVUU1765,1
24312,CIAG6934,1
24313,VFNN1121,1
24314,JRKP1908,1
24315,DEGJ4997,1
24316,CCMU3517,1
24317,YTBR8261,1
24318,OWBQ6850,1
24319,HXJO8142,1
24320,VLFN5589,1
24321,XBXB7594,1
24322,AEFB7643,1
24323,RJNN3074,1
24324,ZKBI6208,1
24325,GBGK1676,1
24326,JSQH1995,0
24327,YQYG5903,1
24328,MZHL7696,1
24329,ICSM5479,1
24330,DPOV3963,1
24331,ONSG4547,1
24332,VSQO3879,1
24333,ITFX2358,1
24334,TGVC6008,1
24335,ELYQ5872,1
24336,TARV6736,1
24337,JMQD5882,1
24338,SPHE8567,1
24339,NIPS3260,1
24340,CMNZ1446,1
24341,NVOC4822,1
24342,EHOJ1835,1
24343,HZCQ8179,1
24344,AFZM3954,1
24345,OHLC8885,1
24346,VFCS1646,1
24347,OEEE3916,1
24348,JLSN9272,1
24349,WBRX7161,1
24350,OTGB9203,1
24351,DGDV9582,1
24352,YPGA8095,1
24353,VIVV8215,1
24354,LBBJ2071,1
24355,ZGLI2792,1
24356,HHLK8491,1
24357,UGPD5945,1
24358,BZYZ4005,1
24359,CDDH1292,1
24360,GMRQ3555,1
24361,KNFK6539,1
24362,XREX4737,1
24363,LFXR8728,1
24364,GQVJ5484,1
24365,TGEC7021,1
24366,OYUB7281,1
24367,YTIP2427,1
24368,RKBL6862,1
24369,TTXA4861,1
24370,EHAS8558,1
24371,MAPZ8975,1
24372,LEUO2002,1
24373,THQG3145,1
24374,RHNY5459,1
24375,ABJS4991,1
24376,LHXK7353,1
24377,KLSK8959,1
24378,MSXT7281,1
24379,QRNF3994,1
24380,HBCO8324,1
24381,HTDI5488,1
24382,BHLM5021,1
24383,AJQH1134,1
24384,XTIL5354,1
24385,GKWK7357,1
24386,LYHQ2482,1
24387,RWBN1262,1
24388,BKZH5963,1
24389,BMBK6571,1
24390,CRTX1391,1
24391,OCXX5555,1
24392,LXIE7030,1
24393,YJRS4007,1
24394,FZIB9474,1
24395,BBEU1388,1
24396,RLIP3637,1
24397,FNHS5647,1
24398,RIQW2962,1
24399,TSPU8851,1
24400,GHCR8943,1
24401,LAQA8625,1
24402,JMRO5564,1
24403,LRME8081,1
24404,CYNI5703,1
24405,MDEE7296,1
24406,VNHD7795,1
24407,OWNV9232,1
24408,NZUO3937,0
24409,UJBU2356,1
24410,JSDH4859,1
24411,WKKA8850,1
24412,FZZI4031,1
24413,YVSX7511,1
24414,PSQN6166,1
24415,GEDP2251,1
24416,HBEO9814,1
24417,WZEO6217,1
24418,ZWFY4629,1
24419,CSSQ8726,1
24420,FMYU5574,1
24421,AIAE7207,1
24422,LTOB1653,1
24423,USSE2173,1
24424,RPJL8111,1
24425,QJFT3764,1
24426,MJGD1293,1
24427,RBGC1649,1
24428,QRJD9282,1
24429,BJFU7668,1
24430,MXME2175,1
24431,MPXQ7199,1
24432,TJLC5942,1
24433,JWSL9652,1
24434,VTYE7776,1
24435,DHOL4779,1
24436,RZAX4511,1
24437,KAVW4938,1
24438,HBYP9390,1
24439,RUJH3561,1
24440,BHJN4531,1
24441,MBRW2107,1
24442,AIHQ5196,1
24443,KUBH6127,1
24444,KEDW5886,1
24445,SPXW6412,1
24446,GQNS3380,1
24447,NKUA5048,1
24448,SBDH7705,1
24449,QPJA2763,1
24450,TDEU1662,1
24451,NAXE5536,1
24452,CUNL1830,1
24453,NWUV5236,1
24454,VHES3301,1
24455,MQLZ7976,1
24456,FUPK7078,1
24457,AUZS3850,1
24458,HTQH3719,1
24459,URKS3052,1
24460,IXCT5690,1
24461,HGNM7193,1
24462,HUNJ7376,1
24463,PSMH1840,1
24464,JNLV3446,1
24465,YRRU4284,1
24466,NSZI6757,1
24467,ZBSF1759,1
24468,PRPP6065,1
24469,MKLD4179,1
24470,TCYR5459,1
24471,UCEE3032,1
24472,WXCC9028,1
24473,SKBV1294,1
24474,UYWW3499,1
24475,ZEZJ8436,1
24476,RAWE3424,1
24477,CWKZ9433,1
24478,ZZAE3553,1
24479,DLAN3868,1
24480,BGDK6020,1
24481,PEZW7638,1
24482,HYDY7910,1
24483,OIIT8526,1
24484,KDXW7962,1
24485,ZSYH3071,1
24486,TUWZ7811,1
24487,EPTF9654,1
24488,AVJR9360,1
24489,IJNQ9449,1
24490,NTDW6212,1
24491,AOFR9804,1
24492,HUUE4234,1
24493,BPVN1051,1
24494,VLCJ8802,1
24495,XALG3284,1
24496,HKCO7063,1
24497,VTFP7865,1
24498,DLAW8070,1
24499,OHVN8550,1
24500,CKTO6285,1
24501,VKLA7896,0
24502,XZNH2729,1
24503,HYUQ9814,1
24504,UWXX7843,1
24505,DJCA6539,1
24506,ONTI1172,1
24507,HXWS6752,1
24508,DOGS9090,1
24509,IBVJ4326,1
24510,HBUR9637,1
24511,YZTY1282,1
24512,YUOM6798,1
24513,WCWZ5154,1
24514,IJWI9650,1
24515,YUNL5503,1
24516,HJDA2876,1
24517,HXPV6365,1
24518,YPTL8101,1
24519,GJEJ3668,1
24520,XXWV8768,1
24521,PCRO3283,1
24522,ESXF3719,1
24523,ARBH2873,1
24524,NOQT5772,1
24525,QCMY8682,1
24526,HWXB9118,1
24527,YIRQ7653,1
24528,ORUN1328,1
24529,KPNV2918,1
24530,YYKK6020,1
24531,VUXK3121,1
24532,XSVB4491,1
24533,QTHW7984,1
24534,AGRP8254,1
24535,FBOW1300,1
24536,HRRN6860,1
24537,LPQT6403,1
24538,ZEDV2206,1
24539,SKQS5906,1
24540,PRDU7924,0
24541,DUPZ6601,1
24542,AUGX9454,1
24543,QGIT9831,1
24544,ECQF4320,1
24545,HFSE2996,1
24546,SGWZ9910,1
24547,ARFI4281,1
24548,CJGS5668,1
24549,PJYV8045,1
24550,UCYX7074,1
24551,CBZE3405,1
24552,QBQC8419,1
24553,TKKF2696,1
24554,NUPN3067,1
24555,LZAG9011,1
24556,YPUH9507,1
24557,IPEX2955,1
24558,PIJE6251,1
24559,ZLPJ7203,1
24560,QGBR1383,1
24561,KIVV6579,1
24562,ZOXU8471,1
24563,OMNW7358,1
24564,JTFO1199,1
24565,SVXQ3386,1
24566,RCPE4077,1
24567,SCRX4577,1
24568,DLGQ5532,1
24569,MMOJ5447,1
24570,GGVA9658,1
24571,ZXEV7717,1
24572,BYFM9416,1
24573,OAFS4824,1
24574,NZQD9512,1
24575,IMDR6842,1
24576,FPUB8868,1
24577,JHAR7160,1
24578,QUEK1714,1
24579,FAGV4649,1
24580,UOOY2064,1
24581,EORU4090,1
24582,NGCI8764,1
24583,KPWG9219,1
24584,VUZJ1893,1
24585,QLVN9574,1
24586,MLZX3457,1
24587,HHVV9232,1
24588,VNMC8980,1
24589,HZJA8524,1
24590,VACP2384,1
24591,RFVZ2289,1
24592,XAUR6034,1
24593,HIGV3995,1
24594,OAQU2353,1
24595,NGAM6698,1
24596,ODTV5196,1
24597,VBSL9611,1
24598,ANGW9143,1
24599,IZUS7500,1
24600,XIZM5584,1
24601,PFUR3107,1
24602,MJXE3921,1
24603,ZOIR6593,1
24604,EBJA1783,1
24605,SOHQ4641,1
24606,ZPIC8644,1
24607,XTHN3797,1
24608,FHNU4617,1
24609,LFIF5546,1
24610,PXSZ1215,1
24611,PJES6915,1
24612,XZUE9715,1
24613,UITL6038,1
24614,ZRKV2858,1
24615,DXDD3383,1
24616,CAUD1927,1
24617,OVVT3632,1
24618,ELQK2660,1
24619,PQPY8431,1
24620,VSMM5269,1
24621,QRMA9425,1
24622,QWLL3564,1
24623,DUKU2606,1
24624,VLSY5626,1
24625,NDTL2578,1
24626,FYUE9572,1
24627,VIXP5781,1
24628,ZFIR8414,1
24629,XZAL1983,1
24630,WZOA9180,1
24631,ISXD8354,1
24632,QVAF5856,1
24633,NJCO3871,1
24634,MOLR3923,1
24635,OFRU1399,1
24636,AFUG5894,1
24637,PLQP9495,1
24638,OUJP7994,1
24639,UINW6869,1
24640,NSBG9213,1
24641,IEHJ9540,1
24642,KQUD3943,1
24643,BTCL1501,1
24644,ZLKY9152,1
24645,BPCK6088,1
24646,UIAI5030,1
24647,WLGD3437,1
24648,KWTP6707,1
24649,XDML1929,1
24650,KVAG5660,1
24651,FGDL7401,1
24652,MCGY1448,1
24653,OWFW6339,1
24654,FIOG7163,1
24655,LCQY1905,1
24656,QTQL7186,1
24657,MNVW9298,1
24658,ADYK2233,1
24659,FKEB9502,1
24660,DTXR2325,1
24661,YOYR9555,1
24662,REVE5128,1
24663,DUWZ2665,1
24664,QQHM8349,0
24665,RYCI7497,1
24666,NHCN9562,1
24667,XTWJ1335,1
24668,KITS2120,1
24669,FXQX4295,1
24670,FEFB3655,1
24671,QVKB5976,1
24672,BSWH8748,1
24673,PTYL9560,1
24674,JZJF5548,1
24675,LYPU1885,1
24676,OCWZ9229,1
24677,WFUM1033,1
24678,QGQN1151,1
24679,QQQW3695,1
24680,CYIH3818,1
24681,LBXV8177,1
24682,BJVO8185,1
24683,GGFG4748,1
24684,DVGE1008,1
24685,UQSW4222,1
24686,VERS8265,1
24687,UFOD9798,1
24688,BMMD7180,1
24689,QBCV9711,1
24690,ZGIR7945,1
24691,WDXZ4989,1
24692,GSII5910,1
24693,KOGB8078,1
24694,TMMP9459,1
24695,BYWD1702,1
24696,VHVH3938,1
24697,WOYI2671,1
24698,FJZE2078,1
24699,VOEB1799,1
24700,PIGX7477,1
24701,YBKD8126,1
24702,TWAN6086,1
24703,REVB6287,1
24704,CKEW4971,1
24705,IDWZ2896,1
24706,WIYM3053,1
24707,ODUM2055,1
24708,EULH2498,1
24709,ZSZK1579,1
24710,QOHV3333,1
24711,CPWJ4391,1
24712,MXUH3676,1
24713,CGBP1722,1
24714,PBMK5225,1
24715,LOLT9775,1
24716,BKIN3223,1
24717,SBJT7352,1
24718,UWIT1793,1
24719,NLFN3655,1
24720,CJXU1062,1
24721,LFGI5856,1
24722,GGZG4892,1
24723,ZNBG4039,1
24724,NLUU9383,1
24725,KLMY6123,1
24726,XXUR5459,1
24727,YHLJ1865,1
24728,MKFJ9998,1
24729,JIYC7174,1
24730,PSFB8588,1
24731,HSGY2769,1
24732,QTCW2081,1
24733,LBFF1426,1
24734,HBRB7392,1
24735,UCOA9926,1
24736,CFJW6367,1
24737,XVNS3262,1
24738,ZZCQ3275,1
24739,FHQV6940,1
24740,NDMZ1997,1
24741,TGQL4479,1
24742,FAND6320,1
24743,RZHJ5778,1
24744,QEWJ5118,1
24745,MPBY4943,1
24746,UOYX9302,1
24747,NOQH4784,1
24748,PNQC7054,1
24749,FBUS6774,1
24750,AWHO5485,1
24751,JTBP8464,1
24752,EEPB9685,0
24753,SRVB8190,1
24754,YNBS8676,1
24755,OJOP1337,1
24756,ZPAD9482,1
24757,KRAN2334,1
24758,RCCL4482,1
24759,YKTD6717,1
24760,CGZP2074,1
24761,CHDE1793,1
24762,LYCL8072,1
24763,AGFY1334,1
24764,YJOG9591,1
24765,VYCO2893,1
24766,COYZ5711,1
24767,XQOG5955,1
24768,FZQZ1780,1
24769,ADKZ4249,1
24770,LNJG5548,1
24771,MURH8660,1
24772,SBOW5911,1
24773,ELNR6636,1
24774,JDCZ2942,1
24775,KQHB6026,1
24776,FXQJ1269,1
24777,MBQK1413,1
24778,PQPD3487,1
24779,RZTA6756,1
24780,FVDF9977,1
24781,JHIT8543,1
24782,LPST8351,1
24783,ZXHF1470,1
24784,HGLK6417,1
24785,DFNE3168,1
24786,QJYE5402,1
24787,OWCH4840,1
24788,XSRN5815,1
24789,DSVC8697,1
24790,CVSP2533,1
24791,BDRD6852,1
24792,AXJS6617,1
24793,ZLEW7770,1
24794,PRCO6989,1
24795,VYMV8054,1
24796,YEHZ8922,1
24797,FTNX5558,1
24798,ZLHO7094,1
24799,HNSF1015,1
24800,DDSD8437,1
24801,LJKB7048,1
24802,DWNL1231,1
24803,PXJV7466,1
24804,BFWG6140,1
24805,PNQA6061,1
24806,XNSX3943,1
24807,FSXY6357,1
24808,XXFW2494,1
24809,PWRV6448,1
24812,FKCW8517,1
24823,BLHY2005,1
24834,KEVN6024,1
24835,QPTO1817,1
24846,ZSPL1113,1
24857,NDIV3386,1
24868,MUUK8074,1
24879,QPGX9138,1
24890,JOMU3470,1
24901,BZHS5419,1
24912,WWDN2695,1
24923,PEQK7575,1
24934,HNVY1896,1
24945,YMMN6647,1
24946,AKUA9841,1
24947,MARR9466,1
24958,OQVG7548,1
24969,FDMK7464,1
24980,IFNA3078,1
24991,PVQZ6255,1
25002,VQLS2912,1
25013,TEFZ6622,1
25024,FIXA2007,1
25035,GSTJ8547,1
25046,DMOK8630,1
25057,LEIW2628,1
25058,NQIQ5747,1
25069,QQQA2406,1
25080,STIL6202,1
25091,ADEX5620,1
25102,DIMR5835,1
25113,DWWZ7456,1
25124,FLQN6576,1
25135,FXHV3130,1
25146,ZUJN8934,1
25157,YMTJ3524,1
25168,YGRA8698,1
25169,KYYR3334,1
25180,MPJY8604,1
25191,DNBY7209,1
25202,QKTG2172,1
25213,YMQV7083,1
25224,OFFF4021,1
25235,BYHD7198,1
25246,XIQO2779,1
25257,CEZT5924,1
25268,KIZV7387,1
25279,WYYJ2903,1
25280,CLZW7306,1
25291,ODVX2353,1
25302,WYNT1308,1
25313,FZBI3696,1
25324,OZFM2131,1
25335,EIVX2732,1
25346,NAJX7810,1
25357,COTT8990,1
25368,YKCB3126,1
25379,JPRC9369,1
25390,WHMF8144,1
25391,BAPE1982,1
25402,WVJD2547,1
25413,MOAS9263,1
25424,JQUK2545,1
25435,NIRD3901,1
25446,KIKU2254,1
25457,WTSD4090,1
25468,OAQS1755,1
25479,XPNU7951,1
25490,LAGA8605,1
25501,HYIA6062,1
25502,TIVB4547,1
25513,GNRP3512,1
25524,APSJ2208,1
25535,JEUI4960,1
25546,SXLO4547,1
25557,ZMUC5161,1
25568,KLYM5530,1
25579,IYQE7881,1
25590,TOXH5859,1
25601,IDPO6107,1
25612,CZTE8056,1
25613,ZEFZ3243,1
25624,MPZI2371,1
25635,NDRI3823,1
25646,FYQD7630,1
25657,SEPB3786,1
25668,PBGD7063,1
25679,HOSO4241,1
25690,MNCU7627,1
25701,MYQF1711,0
25712,ZXKR8040,1
25723,UKPY4518,1
25724,ARJU9404,1
25735,VPBH2263,1
25746,UNDC5446,1
25757,WMQZ3958,1
25768,QOJV5122,1
25779,ZFVR4441,1
25790,MUUE1118,1
25801,YSDR7441,1
25812,WXCQ5411,1
25823,XMJW4292,1
25834,QPSR1597,1
25835,PJTY8167,1
25846,VQQZ5922,1
25857,XZPL8225,1
25868,IFYU3999,1
25879,DHQD4550,1
25890,XRFV9037,1
25901,XDCD3421,1
25912,BOSR2846,1
25923,LMDM1103,1
25934,KKPM3913,1
25945,PTJA8183,1
25946,VGBE8816,1
25957,FHRA9456,1
25968,MYKD5005,1
25979,KMDG8175,1
25990,AWQK1187,1
26001,ODYP3563,1
26012,MUDW7292,1
26023,ICFS9205,1
26034,PTMO7645,1
26045,OGLV9242,1
26056,YYNU4768,1
26057,HCCZ9060,1
26058,MVPF5547,1
26069,GZOP3331,1
26080,HDZY1873,1
26091,PFXH1711,1
26102,KZSR5293,1
26113,PRAZ5388,1
26124,CBIK4520,1
26135,VSAL3777,1
26146,ZSCH3444,1
26157,YNRE5770,1
26168,WQMJ8128,1
26169,PHXH7548,1
26180,HSXJ6682,1
26191,XJCM9600,1
26202,EKTT1937,1
26213,PMFO4725,1
26224,QGWW7151,1
26235,SSLU7347,1
26246,MNGZ4946,1
26257,PYMB9910,1
26268,DKOI3136,1
26279,EDCD5379,1
26280,VFVD1325,1
26291,UBSW7794,1
26302,GPXV8288,1
26313,GWBS5582,1
26324,IBKU4487,1
26335,AJBW6589,1
26346,TAVZ1750,1
26357,TRES1490,1
26368,OTYP1084,1
26379,GLKR7152,1
26390,RCUM9296,1
26391,RBAV6551,1
26402,XYQH2939,1
26413,HLNO1433,1
26424,ZPLH6707,1
26435,THRJ2993,1
26446,RZJC5094,1
26457,KLHH4943,1
26468,MNJI2406,1
26479,NLFD8033,1
26490,AGJB2241,1
26501,NHBU2903,1
26502,VHEZ5806,1
26513,PTBF2846,1
26524,LJSN5751,1
26535,VWYK2207,1
26546,PFSC7355,1
26557,HGBC8232,1
26568,VMDK1975,1
26579,BABS3101,1
26590,MWKT7820,1
26601,SIHW6239,1
26612,KFQP7161,1
26613,JDXL9449,1
26624,TIWJ3273,1
26635,CCXT2310,1
26646,YDTD9633,1
26657,PBFR6075,1
26668,YSQS8857,1
26679,ZVGC9763,1
26690,WDLY6290,1
26701,PTFC9512,1
26712,IONA2222,1
26723,DIVX6988,1
26724,ARYO7646,1
26735,TADD1252,1
26746,AGMU8688,1
26757,OHFL4104,1
26768,UKWK6873,1
26779,CUCL2469,1
26790,RDUN2357,1
26801,LNEA8475,1
26812,VFMY3945,1
26823,JBVJ5129,1
26834,BDZA8276,1
26835,ZIJC2662,1
26846,PHHA4164,1
26857,LEFR2390,1
26868,RMNM1531,1
26879,ZWEA6247,1
26890,XORP6340,1
26901,CZTO2955,1
26912,UOWA3382,1
26923,TGJU1264,1
26934,YBUS4369,1
26945,PXFQ7330,1
26946,YPCA3015,1
26957,JFKZ3724,1
26968,OKRE6641,1
26979,OJVM4093,1
26990,JCHR5543,1
27001,DSHM1963,0
27012,UIJN8861,1
27023,LCGU9896,1
27034,BJNR6622,1
27045,OYWT9526,1
27056,MAUL3660,1
27057,YFSO3723,1
27068,ZFEF8665,1
27079,HPMQ2766,1
27090,FTHP6231,1
27101,MAOG8515,0
27112,BQMM1274,1
27123,NVSI2535,1
27134,TKVW6792,1
27145,HUYS8859,1
27156,SQXZ7060,1
27167,IRYE3545,1
27168,NFET7549,1
27169,XIBB3184,1
27180,ZQAE6062,1
27191,VZIZ1532,1
27202,SELH9347,1
27213,YAVD1899,1
27224,YEWC3933,1
27235,RGCV3368,1
27246,EXJE6809,1
27257,PGZH5046,1
27268,KUGF9532,1
27279,RWQK4784,1
27280,ITHC2937,1
27291,XKML8178,1
27302,VRGC4887,1
27313,XJFM1648,1
27324,XECF3800,1
27335,TKKA4044,1
27346,LJXS6460,1
27357,PHFW7161,1
27368,FPLP1688,1
27379,VWKE4091,1
27390,HDSY9111,1
27391,YFEB3514,1
27402,PGTO9977,1
27413,GWUF8361,1
27424,PDFK6396,1
27435,LVOF7434,1
27446,YDND5930,1
27457,LFCE3173,1
27468,QQLJ1532,1
27479,NHXZ5600,1
27490,SYNK8283,1
27501,RMJP3717,1
27502,ZTNW8241,1
27513,GYUU2507,1
27524,QAMQ1623,1
27535,JEZS6352,1
27546,AXIC9851,1
27557,HMIH4236,1
27568,ISKA5805,1
27579,GLUX9045,1
27590,WKTV7363,1
27601,JCKM1418,1
27612,BENI3773,1
27613,VSNM4716,1
27624,SVVP1313,1
27635,PEUG1544,1
27646,SVFI2458,1
27657,QCDR9177,1
27668,RFPZ4073,1
27679,LUDL1229,1
27690,VKDC1518,1
27701,IMWE1145,1
27712,ZOZE3948,1
27723,ASDS8570,1
27724,MSVL8822,1
27735,EMKJ4283,1
27746,NPQK2711,1
27757,GCNW9883,1
27768,WFTZ4969,1
27779,TFWN4091,1
27790,ZXII2194,1
27801,NBHR1898,1
27812,MRPH3701,1
27823,NLMP8240,1
27834,GNET4654,1
27835,ABGN8054,1
27846,UPDP5934,1
27857,HPKV2428,1
27868,QDFO4028,1
27879,DIWL6841,1
27890,GZRQ6999,1
27901,PPJA9282,1
27912,GVES1753,1
27923,YPVP5119,1
27934,ZQBA6949,1
27945,FGNY5014,1
27946,YUAC1745,1
27957,IFBS7455,1
27968,KNAD8015,1
27979,HKSN7982,1
27990,CVZR4445,1
28001,IIWU9695,1
28012,VOJT3993,1
28023,IOZG5437,1
28034,LSFY2403,1
28045,OSMW4297,1
28056,HPYM9087,1
28057,OQKD5691,1
28068,EFFY1663,1
28079,CIGN7863,1
28090,EMVK3622,1
28101,CTWY8321,1
28112,PXQN4301,1
28123,MHSJ2729,1
28134,SIKU1201,0
28145,QNVT3128,1
28156,GRBU5688,1
28167,LISC8073,1
28168,TQYU2554,1
28179,RAMA8834,1
28190,DLAZ3751,1
28201,IQBA9417,1
28212,LDXL3804,1
28223,BNMM1124,1
28234,LFHI9005,1
28245,GKZD6232,1
28256,SWRL4681,1
28267,ZWLQ5315,1
28278,SDBM5708,0
28279,SJEX6645,1
28280,EHVN7333,1
28291,QAJO1970,1
28302,HVHM2779,1
28313,HCRU8205,1
28324,ZPME6458,1
28335,YDHR5645,1
28346,ULWS9542,1
28357,OOIN3699,1
28368,MSCG4490,1
28379,OKOB9397,1
28390,SSJA8465,1
28391,NUDV5180,1
28402,RGQI9405,1
28413,HAHS4868,1
28424,KWBD9994,1
28435,GZEX2946,1
28446,PLGS5736,1
28457,SEMS6615,1
28468,KLUI1887,1
28479,LCFY3551,1
28490,CHLM3246,1
28501,OGRH4098,1
28502,QEVC9021,1
28513,NGWY9418,1
28524,GMKP4126,1
28535,TWEK4563,1
28546,SUOB4090,1
28557,VVGW4428,1
28568,STWV1766,1
28579,WLVE8353,1
28590,IBQL4689,1
28601,NHMK4159,1
28612,CAMX4868,1
28613,UFFF3711,1
28624,OPDW1006,1
28635,RCFP2421,1
28646,EOTA1917,1
28657,ZXKZ3166,0
28668,SIUJ2541,1
28679,CUSX5713,1
28690,HUVY5935,1
28701,LPPW6701,1
28712,ORCN8968,1
28723,CTLA1947,1
28724,BCMJ6976,1
28735,RJNS3654,1
28746,AVBV9637,1
28757,KGRW1758,1
28768,BQKY8267,1
28779,ACGX1269,1
28790,PWEU4150,1
28801,XJKQ1175,1
28812,VUJI3124,1
28823,MJVW4523,1
28834,TOCP6759,1
28835,SSNP6963,1
28846,UJTE1783,1
28857,ZVWX1213,0
28868,ZSDG5012,1
28879,BHPD8016,1
28890,HSVB5484,1
28901,NJOC1908,1
28912,HBWW8976,1
28923,JKXZ4685,1
28934,YVCR4680,1
28945,OSNF3380,1
28946,UBRN6988,1
28957,PUCN9932,1
28968,ZBJI5151,1
28979,FJWQ3778,1
28990,BTSZ4236,1
29001,DZVR5194,1
29012,NYVC9760,1
29023,IFRE9341,1
29034,EXQI3977,1
29045,OKDE2107,1
29056,TMXI1051,1
29057,DMLD2339,1
29068,YZFS2093,1
29079,GNZU8126,1
29090,MPHN4667,1
29101,MUFD8360,1
29112,CNTG6088,1
29123,NYYV1989,1
29134,TDRA3276,1
29145,RORD5788,1
29156,EXXE2305,1
29167,EHWC6143,1
29168,ZROO6349,1
29179,HRBU8885,1
29190,GYRP2760,1
29201,LVWB8128,1
29212,IWQN5372,1
29223,BLTZ1334,1
29234,MBKW1826,1
29245,BEHU1239,1
29256,JJFQ7072,1
29267,WIRO5617,1
29278,TKYD9043,1
29279,TICD1919,1
29290,RFCV8515,1
29301,SUYD2380,1
29312,DDMU7452,1
29323,OTIQ2613,1
29334,HQQL2460,1
29345,JTDZ8338,1
29356,NIJK7000,1
29367,LJGV2715,1
29378,RNGC9551,1
